sec,nanosec,time_s,x,y,z,qx,qy,qz,qw
169,400000000,169.4,24.097252356125075,-23.937304326576204,23.53981980403055,-4.677220084489136e-16,-1.485573477922736e-16,8.758036183704181e-17,1.0
169,500000000,169.5,24.153861550019112,-23.99391352047024,23.596428997924587,-4.677303737463044e-16,-1.4872154343502712e-16,8.763216668642441e-17,1.0
169,600000000,169.6,24.209344220954684,-24.049396191405812,23.65191166886016,-4.677067550795973e-16,-1.4858231154728415e-16,8.767406753524256e-17,1.0
169,700000000,169.7,24.267091259645994,-24.107143230097122,23.70965870755147,-4.677034380985785e-16,-1.487842780832372e-16,8.773194887822048e-17,1.0
169,800000000,169.8,24.324838298337305,-24.164890268788433,23.76740574624278,-4.678295511400075e-16,-1.4881456120516932e-16,8.77813687772999e-17,1.0
169,900000000,169.9,24.38144749223134,-24.22149946268247,23.824014940136816,-4.677862033819053e-16,-1.4879127796350108e-16,8.782741281664209e-17,1.0
170,0,170.0,24.43805668612538,-24.278108656576507,23.880624134030853,-4.67687046316954e-16,-1.4862475128606992e-16,8.787033108934178e-17,1.0
170,100000000,170.1,24.49580372481669,-24.335855695267817,23.938371172722164,-4.676657248036103e-16,-1.4866673701519451e-16,8.791368226701497e-17,1.0
170,200000000,170.2,24.55128639575226,-24.39133836620339,23.993853843657735,-4.678114619043862e-16,-1.4869367266293082e-16,8.795475218312925e-17,1.0
170,300000000,170.3,24.607895589646297,-24.447947560097425,24.050463037551772,-4.677397080493505e-16,-1.4870681183798732e-16,8.801541662490887e-17,1.0
170,400000000,170.4,24.667952283448464,-24.508004253899593,24.11051973135394,-4.677025097504373e-16,-1.4875958537873116e-16,8.806509968488286e-17,1.0
170,500000000,170.5,24.72231975326432,-24.562371723715447,24.164887201169794,-4.677927187593212e-16,-1.4869709467602687e-16,8.811308987506566e-17,1.0
170,600000000,170.6,24.781215958591687,-24.621267929042816,24.223783406497162,-4.677502451392212e-16,-1.4875993774444986e-16,8.816381416848796e-17,1.0
170,700000000,170.7,24.836698629527227,-24.676750599978355,24.279266077432702,-4.677363029769106e-16,-1.4880136781994662e-16,8.821064985441778e-17,1.0
170,800000000,170.8,24.894445668218538,-24.734497638669666,24.337013116124012,-4.677854173353122e-16,-1.4877271100127618e-16,8.825092738279034e-17,1.0
170,900000000,170.9,24.94992833915411,-24.789980309605237,24.392495787059584,-4.677333451378495e-16,-1.4865671492134486e-16,8.830162598563732e-17,1.0
171,0,171.0,25.00767537784542,-24.847727348296548,24.450242825750895,-4.677451256720802e-16,-1.4879240959948914e-16,8.836077666869811e-17,1.0
171,100000000,171.1,25.060938968380302,-24.90099093883143,24.503506416285777,-4.677446005116526e-16,-1.485678171194509e-16,8.840431836261006e-17,1.0
171,200000000,171.2,25.1209956621825,-24.96104763263363,24.563563110087976,-4.67836334179849e-16,-1.4862878316286375e-16,8.846415594968644e-17,1.0
171,300000000,171.3,25.17647833311804,-25.01653030356917,24.619045781023516,-4.678290022626535e-16,-1.4854498788745008e-16,8.85293933238251e-17,1.0
171,400000000,171.4,25.23308752701211,-25.073139497463238,24.675654974917585,-4.677619612989348e-16,-1.4875089143254632e-16,8.859540710292147e-17,1.0
171,500000000,171.5,25.29083456570342,-25.13088653615455,24.733402013608895,-4.678286600613329e-16,-1.487677643288647e-16,8.864471088404093e-17,1.0
171,600000000,171.6,25.34858160439473,-25.18863357484586,24.791149052300206,-4.677986039442415e-16,-1.486314394581962e-16,8.870883128311118e-17,1.0
171,700000000,171.7,25.400752637487486,-25.240804607938614,24.84332008539296,-4.676852065614014e-16,-1.4871053200669222e-16,8.877416656234704e-17,1.0
171,800000000,171.8,25.460809331289653,-25.30086130174078,24.903376779195128,-4.67830943662176e-16,-1.4874021881743288e-16,8.88258020117576e-17,1.0
171,900000000,171.9,25.535674990214538,-25.375726960665663,24.97824243812001,-4.677164756296816e-16,-1.4861748713151015e-16,8.888004992749909e-17,1.0
172,0,172.0,25.578522489072927,-25.418574459524052,25.0210899369784,-4.678641812350354e-16,-1.4872371861563078e-16,8.893154260553603e-17,1.0
172,100000000,172.1,25.6296122865623,-25.469664257013424,25.07217973446777,-4.677255829279483e-16,-1.4864746532156827e-16,8.898286471562201e-17,1.0
172,200000000,172.2,25.68509495749787,-25.525146927948995,25.127662405403342,-4.676827772709166e-16,-1.486688376568832e-16,8.903536340079366e-17,1.0
172,300000000,172.3,25.74057762843341,-25.580629598884535,25.18314507633888,-4.67742510034357e-16,-1.485851033678574e-16,8.909444308694244e-17,1.0
172,400000000,172.4,25.79832466712472,-25.638376637575846,25.240892115030192,-4.677957951829966e-16,-1.4861191026655762e-16,8.91388517174216e-17,1.0
172,500000000,172.5,25.854933861018758,-25.694985831469882,25.29750130892423,-4.677398096933139e-16,-1.4855926547482068e-16,8.918442721684926e-17,1.0
172,600000000,172.6,25.911543054912826,-25.75159502536395,25.354110502818298,-4.678070031229485e-16,-1.4868972887748774e-16,8.924277395810958e-17,1.0
172,700000000,172.7,25.967025725848366,-25.80707769629949,25.409593173753837,-4.678234457265203e-16,-1.4881185747594108e-16,8.929820000734499e-17,1.0
172,800000000,172.8,26.024772764539676,-25.8648247349908,25.467340212445148,-4.677461624404036e-16,-1.486057032091075e-16,8.934336846277386e-17,1.0
172,900000000,172.9,26.081381958433713,-25.921433928884838,25.523949406339185,-4.677216526950487e-16,-1.486599065414697e-16,8.941047610220363e-17,1.0
173,0,173.0,26.136864629369253,-25.976916599820377,25.579432077274724,-4.67795351337717e-16,-1.4862623528775863e-16,8.947224059493615e-17,1.0
173,100000000,173.1,26.19347382326332,-26.033525793714446,25.636041271168793,-4.678469898543039e-16,-1.4878153369643774e-16,8.95282558482306e-17,1.0
173,200000000,173.2,26.251220861954632,-26.091272832405757,25.693788309860103,-4.677962390282389e-16,-1.4855372249120204e-16,8.958739470095432e-17,1.0
173,300000000,173.3,26.30783005584867,-26.147882026299794,25.75039750375414,-4.67781893678243e-16,-1.4859791050599624e-16,8.96429496911038e-17,1.0
173,400000000,173.4,26.36557709453998,-26.205629064991104,25.80814454244545,-4.678292733131838e-16,-1.486871200160097e-16,8.97001787045614e-17,1.0
173,500000000,173.5,26.419944564355802,-26.259996534806927,25.862512012261273,-4.677243360954125e-16,-1.4867574266944161e-16,8.975862364704975e-17,1.0
173,600000000,173.6,26.47769160304715,-26.317743573498273,25.92025905095262,-4.677724543430804e-16,-1.487657111209805e-16,8.980410463282077e-17,1.0
173,700000000,173.7,26.533174273982688,-26.373226244433813,25.97574172188816,-4.677604637446813e-16,-1.4878486761809557e-16,8.986349687081858e-17,1.0
173,800000000,173.8,26.589783467876725,-26.42983543832785,26.032350915782196,-4.677477785792596e-16,-1.4858852538092958e-16,8.992060304795516e-17,1.0
173,900000000,173.9,26.64639266177076,-26.486444632221886,26.088960109676233,-4.678006842571463e-16,-1.486694746256193e-16,8.997209954094929e-17,1.0
174,0,174.0,26.70528886709813,-26.545340837549254,26.1478563150036,-4.676986743852516e-16,-1.4874677824051102e-16,9.002241251550328e-17,1.0
174,100000000,174.1,26.7607715380337,-26.600823508484826,26.203338985939173,-4.676900109322668e-16,-1.4860273520563017e-16,9.008941745053361e-17,1.0
174,200000000,174.2,26.818518576725012,-26.658570547176137,26.261086024630483,-4.677718851369385e-16,-1.4869325931076294e-16,9.015674270133019e-17,1.0
174,300000000,174.3,26.87400124766055,-26.714053218111676,26.316568695566023,-4.67712186254824e-16,-1.4872108942525594e-16,9.021762324735352e-17,1.0
174,400000000,174.4,26.930610441554588,-26.770662412005713,26.37317788946006,-4.6777804476055255e-16,-1.486892545389686e-16,9.028641835839389e-17,1.0
174,500000000,174.5,26.987219635448625,-26.82727160589975,26.429787083354096,-4.678107775017584e-16,-1.4870496191795022e-16,9.034742787510972e-17,1.0
174,600000000,174.6,27.06078894383333,-26.90084091428445,26.5033563917388,-4.677760999728907e-16,-1.486552444720792e-16,9.04231699599543e-17,1.0
174,700000000,174.7,27.102657103637377,-26.942709074088498,26.545224551542848,-4.678175300484151e-16,-1.4872911252134063e-16,9.04801575045018e-17,1.0
174,800000000,174.8,27.158139774572916,-26.998191745024037,26.600707222478388,-4.676974377171549e-16,-1.4861439715522963e-16,9.053573179442915e-17,1.0
174,900000000,174.9,27.215886813264227,-27.055938783715348,26.658454261169698,-4.677909603189303e-16,-1.487231968432483e-16,9.060211228254346e-17,1.0
175,0,175.0,27.273633851955537,-27.11368582240666,26.71620129986101,-4.678462817347633e-16,-1.486392524900519e-16,9.06674504850357e-17,1.0
175,100000000,175.1,27.32911652289111,-27.16916849334223,26.77168397079658,-4.678489414182078e-16,-1.4874208228985453e-16,9.07150160387422e-17,1.0
175,200000000,175.2,27.385725716785146,-27.225777687236267,26.828293164690617,-4.677993662738501e-16,-1.4880833381885166e-16,9.076885800236318e-17,1.0
175,300000000,175.3,27.441208387720685,-27.281260358171807,26.883775835626157,-4.677007919675886e-16,-1.4855481346960079e-16,9.083204195687941e-17,1.0
175,400000000,175.4,27.497817581614722,-27.337869552065843,26.940385029520193,-4.678180314918705e-16,-1.4874161472766767e-16,9.088828577506642e-17,1.0
175,500000000,175.5,27.555564620306033,-27.395616590757154,26.998132068211504,-4.677059453160377e-16,-1.4857170669472044e-16,9.093648735621773e-17,1.0
175,600000000,175.6,27.615621314108232,-27.455673284559353,27.058188762013703,-4.677295707590161e-16,-1.4861027041074485e-16,9.09965502805279e-17,1.0
175,700000000,175.7,27.67110398504377,-27.511155955494893,27.113671432949243,-4.67730688842515e-16,-1.4876135398345838e-16,9.105409645819334e-17,1.0
175,800000000,175.8,27.72771317893784,-27.56776514938896,27.17028062684331,-4.678551145943476e-16,-1.486986735453816e-16,9.108531052888978e-17,1.0
175,900000000,175.9,27.784322372831877,-27.624374343282998,27.226889820737348,-4.677448749503226e-16,-1.48647234928578e-16,9.112323805203154e-17,1.0
176,0,176.0,27.840931566725914,-27.680983537177035,27.283499014631385,-4.677592067477787e-16,-1.4876144885118146e-16,9.115741066488328e-17,1.0
176,100000000,176.1,27.89754076061995,-27.73759273107107,27.34010820852542,-4.678354295486391e-16,-1.488101363049929e-16,9.118529287027025e-17,1.0
176,200000000,176.2,27.954149954513987,-27.794201924965108,27.39671740241946,-4.678253905141451e-16,-1.4874145209736664e-16,9.121688933829193e-17,1.0
176,300000000,176.3,28.010759148408056,-27.850811118859177,27.453326596313527,-4.677104447550661e-16,-1.4857383444149594e-16,9.126758394089339e-17,1.0
176,400000000,176.4,28.068506187099366,-27.908558157550488,27.511073635004838,-4.678381400540593e-16,-1.487677507763096e-16,9.130637586942963e-17,1.0
176,500000000,176.5,28.123988858034906,-27.964040828486027,27.566556305940377,-4.6780400462629085e-16,-1.4874707639613474e-16,9.134460989276671e-17,1.0
176,600000000,176.6,28.194999430855585,-28.035051401306706,27.637566878761056,-4.678580995384277e-16,-1.4875016637232843e-16,9.137828832641361e-17,1.0
176,700000000,176.7,28.238837590607126,-28.078889561058247,27.681405038512597,-4.678127697232108e-16,-1.4859982818858785e-16,9.141426657362645e-17,1.0
176,800000000,176.8,28.296584629298437,-28.136636599749558,27.739152077203908,-4.678096052081171e-16,-1.4877937884461789e-16,9.146776086165531e-17,1.0
176,900000000,176.9,28.35206730023401,-28.19211927068513,27.79463474813948,-4.677708720855033e-16,-1.4858336186810223e-16,9.150079387439439e-17,1.0
177,0,177.0,28.40643477004983,-28.246486740500952,27.849002217955302,-4.678197458865581e-16,-1.4870240726665166e-16,9.153378605253541e-17,1.0
177,100000000,177.1,28.4630439639439,-28.30309593439502,27.90561141184937,-4.677535621201789e-16,-1.4877886384859438e-16,9.15773854058992e-17,1.0
177,200000000,177.2,28.51852663487944,-28.35857860533056,27.96109408278491,-4.677718546437111e-16,-1.4868390129083703e-16,9.162842193518743e-17,1.0
177,300000000,177.3,28.57627367357075,-28.41632564402187,28.01884112147622,-4.677473787796652e-16,-1.4862839013958547e-16,9.167516230840405e-17,1.0
177,400000000,177.4,28.63402071226206,-28.47407268271318,28.076588160167532,-4.678403660566109e-16,-1.486495795158051e-16,9.172617662789275e-17,1.0
177,500000000,177.5,28.6895033831976,-28.52955535364872,28.13207083110307,-4.677873519585146e-16,-1.48748058954395e-16,9.17682005264446e-17,1.0
177,600000000,177.6,28.74611257709167,-28.58616454754279,28.18868002499714,-4.678392276443277e-16,-1.4865347586738456e-16,9.17879152546879e-17,1.0
177,700000000,177.7,28.80159524802721,-28.64164721847833,28.24416269593268,-4.677635808258749e-16,-1.4869880229445332e-16,9.180495305110671e-17,1.0
177,800000000,177.8,28.85934228671852,-28.69939425716964,28.30190973462399,-4.678597224535227e-16,-1.4880130005732961e-16,9.182262576323962e-17,1.0
177,900000000,177.9,28.91482495765406,-28.75487692810518,28.35739240555953,-4.677874468261992e-16,-1.4864855630003274e-16,9.182853034554261e-17,1.0
178,0,178.0,28.971434151548095,-28.811486121999216,28.414001599453567,-4.678141961266713e-16,-1.4882663650685063e-16,9.18433453422192e-17,1.0
178,100000000,178.1,29.02918119023944,-28.869233160690563,28.471748638144913,-4.676998703957186e-16,-1.48653807904313e-16,9.185477673840238e-17,1.0
178,200000000,178.2,29.08466386117498,-28.924715831626102,28.527231309080452,-4.678023749348625e-16,-1.4858618757005956e-16,9.185388076117833e-17,1.0
178,300000000,178.3,29.141273055069018,-28.98132502552014,28.58384050297449,-4.677540025772883e-16,-1.4873220927389475e-16,9.188060514697267e-17,1.0
178,400000000,178.4,29.197882248963055,-29.037934219414176,28.640449696868526,-4.678491277653929e-16,-1.486126082217292e-16,9.19019759569767e-17,1.0
178,500000000,178.5,29.255629287654365,-29.095681258105486,28.698196735559836,-4.678060408934362e-16,-1.4877445250103704e-16,9.190794872046871e-17,1.0
178,600000000,178.6,29.311111958589937,-29.151163929041058,28.753679406495408,-4.678426428811496e-16,-1.4879882672113343e-16,9.192069016229254e-17,1.0
178,700000000,178.7,29.368858997281247,-29.20891096773237,28.81142644518672,-4.678325530246819e-16,-1.4878770687259697e-16,9.193939023440057e-17,1.0
178,800000000,178.8,29.425468191175284,-29.265520161626405,28.868035639080755,-4.677772722664077e-16,-1.487001982047432e-16,9.194028475578694e-17,1.0
178,900000000,178.9,29.484364396502652,-29.324416366953773,28.926931844408124,-4.677327081689801e-16,-1.4859431231008056e-16,9.193190720454633e-17,1.0
179,0,179.0,29.538731866318475,-29.378783836769596,28.981299314223946,-4.678633918002154e-16,-1.4874904151264022e-16,9.194504080442672e-17,1.0
179,100000000,179.1,29.595341060212544,-29.435393030663665,29.037908508118015,-4.677450951787905e-16,-1.4872543978660446e-16,9.196464364160301e-17,1.0
179,200000000,179.2,29.65195025410658,-29.4920022245577,29.094517702012052,-4.677837198811902e-16,-1.4858331443432583e-16,9.197065955579893e-17,1.0
179,300000000,179.3,29.708559448000617,-29.54861141845174,29.15112689590609,-4.678136167561058e-16,-1.487123006115447e-16,9.198556396242808e-17,1.0
179,400000000,179.4,29.765168641894654,-29.605220612345775,29.207736089800125,-4.677944500945775e-16,-1.486728288762194e-16,9.201083787047472e-17,1.0
179,500000000,179.5,29.82177783578869,-29.661829806239812,29.264345283694162,-4.677643973656019e-16,-1.48773801979811e-16,9.20290611887648e-17,1.0
179,600000000,179.6,29.87838702968276,-29.71843900013388,29.32095447758823,-4.678155818725456e-16,-1.4863782947486018e-16,9.203549982203236e-17,1.0
179,700000000,179.7,29.93613406837407,-29.77618603882519,29.37870151627954,-4.678330002580684e-16,-1.4865431612414806e-16,9.20395537018656e-17,1.0
179,800000000,179.8,29.992743262268107,-29.832795232719228,29.435310710173578,-4.6776547140337885e-16,-1.4881319917628723e-16,9.206920361869135e-17,1.0
179,900000000,179.9,30.049352456162143,-29.889404426613265,29.491919904067615,-4.677647666719659e-16,-1.4862614719647343e-16,9.208558582815253e-17,1.0
180,0,180.0,30.107099494853454,-29.947151465304575,29.549666942758925,-4.677475143048936e-16,-1.4879899612781746e-16,9.209536411877066e-17,1.0
180,100000000,180.1,30.16370868874749,-30.003760659198612,29.606276136652962,-4.677970521797781e-16,-1.486843417480777e-16,9.21129211331512e-17,1.0
180,200000000,180.2,30.220317882641528,-30.06036985309265,29.662885330547,-4.677778075912214e-16,-1.4858652638333665e-16,9.2136616826911e-17,1.0
180,300000000,180.3,30.276927076535596,-30.116979046986717,29.719494524441068,-4.677600436162551e-16,-1.4859662979232707e-16,9.214533456114158e-17,1.0
180,400000000,180.4,30.334674115226907,-30.174726085678028,29.777241563132378,-4.677884734300976e-16,-1.4858375489150836e-16,9.21588773391469e-17,1.0
180,500000000,180.5,30.391283309120944,-30.231335279572065,29.833850757026415,-4.677418053028428e-16,-1.4880096124425635e-16,9.216532675057778e-17,1.0
180,600000000,180.6,30.44789250301498,-30.2879444734661,29.89045995092045,-4.677281579079971e-16,-1.4867324900458717e-16,9.218654194309325e-17,1.0
180,700000000,180.7,30.50563954170629,-30.345691512157412,29.948206989611762,-4.67748964425325e-16,-1.4860188817284887e-16,9.220347984421813e-17,1.0
180,800000000,180.8,30.562248735600328,-30.40230070605145,30.0048161835058,-4.677347342718141e-16,-1.4878700891752383e-16,9.221187966316085e-17,1.0
180,900000000,180.9,30.618857929494364,-30.458909899945485,30.061425377399836,-4.678604881712896e-16,-1.4871514664227325e-16,9.223035854551856e-17,1.0
181,0,181.0,30.676604968185675,-30.516656938636796,30.119172416091146,-4.677543617192547e-16,-1.4874930578698049e-16,9.224023631287707e-17,1.0
181,100000000,181.1,30.733214162079744,-30.573266132530865,30.175781609985215,-4.677923765579319e-16,-1.4880460009778287e-16,9.226737432537357e-17,1.0
181,200000000,181.2,30.788696833015283,-30.628748803466404,30.231264280920755,-4.678687281078049e-16,-1.4858370745766727e-16,9.229963920992406e-17,1.0
181,300000000,181.3,30.846443871706594,-30.686495842157715,30.289011319612065,-4.677515055241714e-16,-1.4871609531918556e-16,9.231554218237125e-17,1.0
181,400000000,181.4,30.913701254972118,-30.75375322542324,30.35626870287759,-4.677253999687396e-16,-1.4875151484891203e-16,9.233918003469966e-17,1.0
181,500000000,181.5,30.959554702026296,-30.799606672477417,30.402122149931767,-4.678968326610014e-16,-1.4866183777672215e-16,9.23568048646556e-17,1.0
181,600000000,181.6,31.020783206142074,-30.860835176593195,30.463350654047545,-4.677696896274876e-16,-1.4872045245667206e-16,9.236571334011807e-17,1.0
181,700000000,181.7,31.078530244833384,-30.918582215284506,30.521097692738856,-4.677284052416354e-16,-1.4866255606064685e-16,9.23846226955384e-17,1.0
181,800000000,181.8,31.13513943872742,-30.975191409178542,30.577706886632892,-4.678790144759138e-16,-1.4859896760324062e-16,9.240525569186885e-17,1.0
181,900000000,181.9,31.19174863262149,-31.03180060307261,30.63431608052696,-4.678808542314698e-16,-1.4874248208955784e-16,9.242825598315956e-17,1.0
182,0,182.0,31.250644837948823,-31.090696808399944,30.693212285854294,-4.677497843532165e-16,-1.4856200986168078e-16,9.24523095185611e-17,1.0
182,100000000,182.1,31.301734635438226,-31.141786605889347,30.744302083343698,-4.677453459005724e-16,-1.487100847733748e-16,9.247135084899374e-17,1.0
182,200000000,182.2,31.358343829332263,-31.198395799783384,30.800911277237734,-4.677005412457935e-16,-1.4861305545521843e-16,9.250015212979604e-17,1.0
182,300000000,182.3,31.416090868023574,-31.256142838474695,30.858658315929045,-4.677079205968311e-16,-1.4861072442054876e-16,9.252538859137633e-17,1.0
182,400000000,182.4,31.47270006191761,-31.31275203236873,30.91526750982308,-4.677452713616732e-16,-1.4882652808673049e-16,9.25493285366818e-17,1.0
182,500000000,182.5,31.52818273285315,-31.36823470330427,30.97075018075862,-4.677855325317085e-16,-1.4865188344553407e-16,9.256406950069366e-17,1.0
182,600000000,182.6,31.58366540378872,-31.423717374239843,31.026232851694193,-4.678006097181712e-16,-1.48545401239657e-16,9.258643419963655e-17,1.0
182,700000000,182.7,31.6448939079045,-31.48494587835562,31.08746135580997,-4.678479486955233e-16,-1.4868028276616882e-16,9.261065305700979e-17,1.0
182,800000000,182.8,31.699261377720354,-31.539313348171476,31.141828825625826,-4.677168720410061e-16,-1.4859483408244044e-16,9.263157968922286e-17,1.0
182,900000000,182.9,31.75587057161439,-31.595922542065512,31.198438019519863,-4.678514486356751e-16,-1.4857701250921812e-16,9.265366354380413e-17,1.0
183,0,183.0,31.812479765508428,-31.65253173595955,31.2550472134139,-4.677402027165204e-16,-1.4861144948072434e-16,9.268392212659426e-17,1.0
183,100000000,183.1,31.869088959402465,-31.709140929853586,31.311656407307936,-4.678868444484865e-16,-1.4871398790119067e-16,9.270691943010865e-17,1.0
183,200000000,183.2,31.925698153296533,-31.765750123747654,31.368265601202005,-4.6779413838647475e-16,-1.4862954888076372e-16,9.27226520662154e-17,1.0
183,300000000,183.3,31.9857548470987,-31.82580681754982,31.428322295004172,-4.677877415936567e-16,-1.48750200253792e-16,9.275365557808679e-17,1.0
183,400000000,183.4,32.032632920562364,-31.87268489101349,31.47520036846784,-4.678685214317729e-16,-1.4855582990931995e-16,9.27797093404342e-17,1.0
183,500000000,183.5,32.0881155914979,-31.928167561949028,31.530683039403378,-4.677641534201457e-16,-1.487844949237712e-16,9.280933577856548e-17,1.0
183,600000000,183.6,32.14701179682527,-31.987063767276396,31.589579244730746,-4.677757984291099e-16,-1.4865770425596286e-16,9.284098828476486e-17,1.0
183,700000000,183.7,32.2036209907193,-32.04367296117043,31.646188438624783,-4.678595462706629e-16,-1.4881696677884794e-16,9.286225709016456e-17,1.0
183,800000000,183.8,32.26023018461337,-32.1002821550645,31.702797632518852,-4.677394708800643e-16,-1.4864400265100945e-16,9.2884030622976e-17,1.0
183,900000000,183.9,32.3168393785074,-32.15689134895853,31.75940682641289,-4.677424592123024e-16,-1.486468554579558e-16,9.289518454307688e-17,1.0
184,0,184.0,32.370102969042286,-32.210154939493414,31.81267041694777,-4.678560937643769e-16,-1.486637215780187e-16,9.291608683798224e-17,1.0
184,100000000,184.1,32.42785000773363,-32.26790197818476,31.870417455639117,-4.677803317494459e-16,-1.4865834122474391e-16,9.294736269907029e-17,1.0
184,200000000,184.2,32.4879067015358,-32.32795867198693,31.930474149441284,-4.67876527587204e-16,-1.4864712650851976e-16,9.296607759094627e-17,1.0
184,300000000,184.3,32.54565374022711,-32.38570571067824,31.988221188132595,-4.677543854362112e-16,-1.4880859131704514e-16,9.297084136214432e-17,1.0
184,400000000,184.4,32.597824773319864,-32.43787674377099,32.040392221225346,-4.677652206816721e-16,-1.4861629450924723e-16,9.300491008772842e-17,1.0
184,500000000,184.5,32.6544339672139,-32.494485937665026,32.09700141511938,-4.678727464321323e-16,-1.4878495570972223e-16,9.302976954354639e-17,1.0
184,600000000,184.6,32.711043161107966,-32.551095131559094,32.15361060901345,-4.677359539992823e-16,-1.486525475194205e-16,9.305365554013237e-17,1.0
184,700000000,184.7,32.766525832043506,-32.606577802494634,32.20909327994899,-4.6772194068620405e-16,-1.4867090441746304e-16,9.307395457717995e-17,1.0
184,800000000,184.8,32.82313502593754,-32.66318699638867,32.26570247384302,-4.678901648176624e-16,-1.4863561363673674e-16,9.310540982892738e-17,1.0
184,900000000,184.9,32.87974421983157,-32.7197961902827,32.322311667737054,-4.678597766636448e-16,-1.4856759350292024e-16,9.313116225434081e-17,1.0
185,0,185.0,32.936353413725605,-32.77640538417673,32.37892086163109,-4.678697682642883e-16,-1.4859790372991333e-16,9.313901737650475e-17,1.0
185,100000000,185.1,32.99410045241695,-32.83415242286808,32.43666790032243,-4.677183831478188e-16,-1.486060555749886e-16,9.315867606326157e-17,1.0
185,200000000,185.2,33.050709646310985,-32.89076161676211,32.49327709421647,-4.678862854067508e-16,-1.486140312372081e-16,9.317544144925251e-17,1.0
185,300000000,185.3,33.10731884020502,-32.947370810656146,32.5498862881105,-4.678567578382131e-16,-1.487811677783622e-16,9.321845304777785e-17,1.0
185,400000000,185.4,33.16621504553238,-33.00626701598351,32.608782493437865,-4.677962356400634e-16,-1.485877054532183e-16,9.323658724728311e-17,1.0
185,500000000,185.5,33.222824239426416,-33.062876209877544,32.6653916873319,-4.678608574776747e-16,-1.4871829760490372e-16,9.326898889787601e-17,1.0
185,600000000,185.6,33.278306910361955,-33.11835888081308,32.72087435826744,-4.677928678370681e-16,-1.4874648686139096e-16,9.328720356385713e-17,1.0
185,700000000,185.7,33.336053949053266,-33.176105919504394,32.77862139695875,-4.678515672203155e-16,-1.4857443752914792e-16,9.331250106309482e-17,1.0
185,800000000,185.8,33.39042141886912,-33.230473389320245,32.8329888667746,-4.678513842611999e-16,-1.487647895493172e-16,9.333309517862777e-17,1.0
185,900000000,185.9,33.44703061276315,-33.28708258321428,32.88959806066863,-4.678735494193617e-16,-1.486162199703634e-16,9.335170826773139e-17,1.0
186,0,186.0,33.50363980665718,-33.34369177710831,32.946207254562665,-4.678810066974293e-16,-1.4862076006693845e-16,9.338254696882888e-17,1.0
186,100000000,186.1,33.575924086340486,-33.415976056791614,33.01849153424597,-4.678434526446831e-16,-1.4855307197007623e-16,9.340151954566351e-17,1.0
186,200000000,186.2,33.61877158519891,-33.458823555650035,33.06133903310439,-4.677467858566096e-16,-1.4869164656023213e-16,9.342922552187525e-17,1.0
186,300000000,186.3,33.67766779052627,-33.5177197609774,33.12023523843175,-4.6790313458614355e-16,-1.4862295557635898e-16,9.345800016084443e-17,1.0
186,400000000,186.4,33.73541482921758,-33.57546679966871,33.177982277123064,-4.678368017419782e-16,-1.4855811351019875e-16,9.348102319629338e-17,1.0
186,500000000,186.5,33.792024023111615,-33.632075993562744,33.2345914710171,-4.677377327684638e-16,-1.4869636283970495e-16,9.35062975725241e-17,1.0
186,600000000,186.6,33.847506694047155,-33.68755866449828,33.29007414195264,-4.678513164985538e-16,-1.4871053200686225e-16,9.353821047683463e-17,1.0
186,700000000,186.7,33.90411588794119,-33.744167858392316,33.34668333584667,-4.678807458112755e-16,-1.4876514191505455e-16,9.356509201867326e-17,1.0
186,800000000,186.8,33.9618629266325,-33.80191489708363,33.40443037453798,-4.677367264933157e-16,-1.48674753335188e-16,9.359545958250926e-17,1.0
186,900000000,186.9,34.0219196204347,-33.86197159088583,33.46448706834018,-4.678220260992379e-16,-1.4856702429683131e-16,9.363092691830786e-17,1.0
187,0,187.0,34.07628709025055,-33.91633906070168,33.518854538156035,-4.678469458085453e-16,-1.485949289502265e-16,9.365364105308301e-17,1.0
187,100000000,187.1,34.14478421486233,-33.984836185313455,33.58735166276781,-4.678712217728094e-16,-1.4874385767114751e-16,9.367614897007723e-17,1.0
187,200000000,187.2,34.18665237466637,-34.0267043451175,33.629219822571855,-4.678301406748679e-16,-1.4874992242705474e-16,9.369855415123927e-17,1.0
187,300000000,187.3,34.24213504560191,-34.08218701605304,33.684702493507395,-4.678589499594685e-16,-1.4865815826568185e-16,9.374891027649707e-17,1.0
187,400000000,187.4,34.29988208429322,-34.13993405474435,33.742449532198705,-4.679379035945489e-16,-1.4882135102143544e-16,9.377547762370635e-17,1.0
187,500000000,187.5,34.35649127818726,-34.196543248638385,33.79905872609274,-4.678771679440979e-16,-1.4876729676687544e-16,9.380409805801129e-17,1.0
187,600000000,187.6,34.411973949122824,-34.25202591957395,33.85454139702831,-4.678728175828835e-16,-1.48675573263089e-16,9.383242757620351e-17,1.0
187,700000000,187.7,34.46858314301686,-34.308635113467986,33.91115059092234,-4.678226122460324e-16,-1.4868363024047929e-16,9.384895269765922e-17,1.0
187,800000000,187.8,34.52633018170817,-34.3663821521593,33.96889762961365,-4.679406412050366e-16,-1.4881066485376387e-16,9.387511673145424e-17,1.0
187,900000000,187.9,34.58181285264371,-34.421864823094836,34.02438030054919,-4.680080514751112e-16,-1.485670310730798e-16,9.39041674866206e-17,1.0
188,0,188.0,34.63955989133502,-34.47961186178615,34.0821273392405,-4.67907440901637e-16,-1.4865234423153002e-16,9.393553545096111e-17,1.0
188,100000000,188.1,34.69616908522909,-34.536221055680215,34.13873653313457,-4.679413222195261e-16,-1.4873121993957666e-16,9.395142854356313e-17,1.0
188,200000000,188.2,34.75165175616463,-34.591703726615755,34.19421920407011,-4.679989035192807e-16,-1.4872400999513216e-16,9.397890486796713e-17,1.0
188,300000000,188.3,34.80826095005866,-34.64831292050979,34.25082839796414,-4.682436587715874e-16,-1.487485197404964e-16,9.400076371453259e-17,1.0
188,400000000,188.4,34.86600798874997,-34.7060599592011,34.30857543665545,-4.682262844317713e-16,-1.4869577330480832e-16,9.402734528924859e-17,1.0
188,500000000,188.5,34.92149065968551,-34.76154263013664,34.36405810759099,-4.680595205851167e-16,-1.4878785595056572e-16,9.40568421197582e-17,1.0
188,600000000,188.6,34.97809985357958,-34.81815182403071,34.42066730148506,-4.682304924914534e-16,-1.4879834560659124e-16,9.409343086265891e-17,1.0
188,700000000,188.7,35.03584689227089,-34.87589886272202,34.47841434017637,-4.685342317300757e-16,-1.4873456063754952e-16,9.411651643957972e-17,1.0
188,800000000,188.8,35.09245608616492,-34.93250805661605,34.535023534070405,-4.68978927415517e-16,-1.4857081222818002e-16,9.414033371234592e-17,1.0
188,900000000,188.9,35.149065280058956,-34.989117250510084,34.59163272796444,-4.692774014973382e-16,-1.4877864700838664e-16,9.417871011166434e-17,1.0
189,0,189.0,35.20567447395299,-35.04572644440412,34.64824192185847,-4.695638206062563e-16,-1.487655620434264e-16,9.42068322838013e-17,1.0
189,100000000,189.1,35.2634215126443,-35.10347348309543,34.70598896054978,-4.697756804870239e-16,-1.4859849326490504e-16,9.423366338582065e-17,1.0
189,200000000,189.2,35.31890418357987,-35.158956154030996,34.76147163148535,-4.699754379610387e-16,-1.4858927754642047e-16,9.426353076842928e-17,1.0
189,300000000,189.3,35.3755133774739,-35.21556534792503,34.81808082537938,-4.702590449205675e-16,-1.486682210171084e-16,9.429541516975047e-17,1.0
189,400000000,189.4,35.432122571367934,-35.27217454181906,34.874690019273416,-4.704798189760701e-16,-1.4876337331027385e-16,9.432251863753013e-17,1.0
189,500000000,189.5,35.48873176526197,-35.328783735713095,34.93129921316745,-4.707673256752913e-16,-1.486947568652862e-16,9.434431986600292e-17,1.0
189,600000000,189.6,35.545340959156036,-35.385392929607164,34.98790840706152,-4.710485406137782e-16,-1.486325236605925e-16,9.437595404353441e-17,1.0
189,700000000,189.7,35.60032657663735,-35.33726758181587,34.91960984042204,1.817838077028696e-13,5.539196140468659e-12,9.450264928082545e-17,1.0
189,800000000,189.8,35.59956681998517,-35.34215051399194,34.93898972027702,1.817838077028696e-13,5.539196140468659e-12,9.450264928082545e-17,1.0
189,900000000,189.9,35.83566738540211,-35.20971467795672,34.666085053503856,2.0989728556193813e-13,6.726150565999359e-11,-7.594241775141174e-07,0.9999999999997117
190,0,190.0,35.88463934108387,-35.15440477872116,34.598655653009374,2.79085249291455e-12,1.2472458761668967e-10,-7.594222536021744e-07,0.9999999999997118
190,100000000,190.1,35.8887977276033,-35.23392661893845,34.655863932663856,7.148855051554967e-12,2.054670657837674e-10,-7.59422588797239e-07,0.9999999999997117
190,200000000,190.2,35.96266509300487,-35.23572810462432,34.72327705022302,1.2791087362219126e-11,3.039010024224647e-10,-7.594226159223752e-07,0.9999999999997117
190,300000000,190.3,35.88322158027244,-35.24174162858872,34.66612489964734,1.951253890359998e-11,4.10141271592663e-10,-2.3674320070854624e-06,0.9999999999971977
190,400000000,190.4,35.832180994700096,-35.28283830223824,34.73906134143304,2.6349651520914374e-11,5.235530435386001e-10,-7.594226694462841e-07,0.9999999999997117
190,500000000,190.5,35.77149489832872,-35.255099126539214,34.669800223179365,0.00012824995763878222,-2.13133248254034e-05,-4.3047604767127086e-05,0.9999999906222972
190,600000000,190.6,35.75331257318268,-35.259460722666255,34.6627023691721,0.00012824995763878222,-2.13133248254034e-05,-4.3047604767127086e-05,0.9999999906222972
190,700000000,190.7,35.739758084844624,-35.58685050172331,34.90391937220859,0.0009516299873513149,-0.0001823533193698467,9.176248192749144e-05,0.9999995263635283
190,800000000,190.8,35.7565343390469,-35.657503352134874,34.97639474114162,0.0010294048641931361,-0.0002172000356056688,4.419772143874495e-05,0.9999994455980121
190,900000000,190.9,35.74670085044138,-35.580425787925144,34.90921502576024,0.0008229108264637537,-0.00021878293630066942,-2.987880917595513e-07,0.9999996374757889
191,0,191.0,35.813620173134474,-35.61608224155599,34.978654069530094,0.0005288509782841501,-0.00020859644362176654,-1.3288776341888915e-05,0.9999998383137745
191,100000000,191.1,35.81267765994424,-35.67437587947967,35.063476477207665,0.00023419209274360507,-0.00017505770623310393,-8.182441271969356e-06,0.9999999572209547
191,200000000,191.2,35.8130529172961,-35.59103444442507,35.00298795453375,-1.7446923249407954e-05,-0.00010724721450007359,1.57091763454621e-05,0.9999999939734309
191,300000000,191.3,35.811772211443156,-35.5062337893913,34.940881889111154,-0.00023107253023077706,-4.036362678363298e-05,4.4661297510837694e-05,0.9999999714908155
191,400000000,191.4,35.81107819171832,-35.51103787602201,34.96028392736146,-0.00023107253023077706,-4.036362678363298e-05,4.4661297510837694e-05,0.9999999714908155
191,500000000,191.5,35.812246144138356,-35.15393807112332,34.73767080724597,-0.0005907868834301948,9.254048533074826e-05,0.00014312139017780474,0.9999998109616745
191,600000000,191.6,35.81325152895583,-35.07494850363055,34.68478067358378,-0.0008370733289261792,8.730606928230912e-05,0.00014789962421380497,0.9999996349057302
191,700000000,191.7,35.81190797239202,-35.1599647635168,34.74676086780805,-0.001460190599826638,4.891863986986315e-05,9.321663213830638e-05,0.999998928379945
191,800000000,191.8,35.81416227734662,-35.248177392040624,34.80022484915043,-0.0017657212563648081,2.9716044932052963e-05,0.00010532491278211122,0.9999984351248078
191,900000000,191.9,35.83101239258534,-35.25882846566932,34.79860366224022,-0.0017657212563648081,2.9716044932052963e-05,0.00010532491278211122,0.9999984351248078
192,0,192.0,35.832828619435816,-35.19143638545318,34.49744844460467,-0.0015627096628320588,0.0001590250852367921,0.00038628055391015984,0.9999986917175772
192,100000000,192.1,35.83483464643206,-35.323389033899716,34.59877695704642,-0.0012662134834374498,0.00018851166096568763,0.0003612263061423337,0.9999991153407706
192,200000000,192.2,35.83592218124079,-35.368317764355226,34.69161214633808,-0.0010565989987838158,0.00019330020692624828,0.000353642476393803,0.999999360585088
192,300000000,192.3,35.837885251829555,-35.395597518877246,34.79104402613838,-0.0008925620286950206,0.0001842361870138333,0.0003486547929792339,0.9999995239148305
192,400000000,192.4,35.91694181282327,-35.40125231323843,34.8570194641894,-0.0007721385667374094,0.0001719675483891217,0.00035042753418750835,0.9999996257147996
192,500000000,192.5,35.81668095702823,-35.39857749345776,34.833054395042396,-0.0006808666751451376,0.00015529295453558866,0.0003259248933493754,0.9999997030387724
192,600000000,192.6,35.81882905460794,-35.347408954721594,34.741194814155094,-0.0006319019180037984,0.0001569391271469355,0.0002885258245001299,0.9999997464114304
192,700000000,192.7,35.728471074444926,-35.29946374244965,34.74304483136435,-0.0006279334247455798,0.0001586054005654065,0.0002596560300749976,0.9999997565613139
192,800000000,192.8,35.65372145655646,-35.30574396619167,34.80967393357785,-0.0006430908065136234,0.0001566158391746766,0.0002695184366439347,0.9999997446327203
192,900000000,192.9,35.60343149127556,-35.220948644888445,34.792729437582224,-0.0006513430609707476,0.00014116447636782742,0.00026622276262018747,0.9999997424750909
193,0,193.0,35.608575491697906,-35.212727591472316,34.901656163943294,-0.0006776181953594187,0.00013296455998134833,0.0002621833930433285,0.9999997272069007
193,100000000,193.1,35.61465036716298,-35.21933645106738,34.80261247168506,-0.000655569329779091,0.0001168437350689717,0.0002495930798645412,0.9999997471398131
193,200000000,193.2,35.67524834732963,-35.239469792232626,34.859870079499785,-0.0005398854799577432,0.00011963385035778566,0.00024583446449147437,0.9999998168883965
193,300000000,193.3,35.62608349833304,-35.19786238257039,34.79074243183525,5.2295583797873115e-05,0.00012435076252685385,0.0002314611122340846,0.999999964113906
193,400000000,193.4,35.63286305343099,-35.197658038308994,34.88285190465312,0.0004085782826480187,0.00013377837431006212,0.00023396232560885896,0.9999998802143748
193,500000000,193.5,35.6949351420926,-35.21500158051831,34.95393604969901,0.0005127575228354524,0.00015044852217083993,0.00023539465414418634,0.9999998295171463
193,600000000,193.6,35.76875592666553,-35.21776309935859,35.005947144838785,0.0004963393332471182,0.00016301709491628848,0.00023402472591612427,0.999999836152547
193,700000000,193.7,35.71618704352058,-35.244158878504265,35.07454136188745,0.0004114723486679666,0.0001766465956862371,0.0002452542815278187,0.9999998696684036
193,800000000,193.8,35.709021607230135,-35.25400984558727,34.99740183835327,0.00041116600621410196,0.00018558394694564848,0.00025457967921013204,0.9999998658451414
193,900000000,193.9,35.79712265420473,-35.251121851796206,35.01794416437561,0.000914992820309993,0.0001681267303661781,0.00021656334817836333,0.9999995438108248
194,0,194.0,35.84667440735146,-35.20362634304784,34.9559874556893,0.0012063781752941819,0.0001295726971146063,0.00022302287727735687,0.9999992390614159
194,100000000,194.1,35.8432687595654,-35.20413812904604,35.04665647708294,0.0011913299613970872,0.00014419465643559294,0.00023200801687530431,0.9999992530562732
194,200000000,194.2,35.8594137606225,-35.18858490952314,34.95484406467141,0.00104782779366494,0.00014118716307562644,0.00020485122619117683,0.9999994200793694
194,300000000,194.3,35.77702879937893,-35.21054703986558,34.918288732440736,0.0009176226633408406,0.00014856705051746117,0.00020140335443547504,0.9999995476664818
194,400000000,194.4,35.7139987803895,-35.19098354547298,34.85299119826665,0.0007897869184835896,0.00014899925703880514,0.00020444616793276107,0.9999996561187456
194,500000000,194.5,35.6456569002992,-35.17761111204865,34.79151154309392,0.0006378184269721537,0.0001416991598869833,0.00022167717606089434,0.9999997619840878
194,600000000,194.6,35.72406762125372,-35.18488336886394,34.74212347292713,0.0005544560051357003,0.00012940159448591234,0.00020964285388489577,0.9999998159418029
194,700000000,194.7,35.64555344628609,-35.17874505106606,34.791575358781934,0.00047609787351569324,0.000122338137872331,0.0001963643683646867,0.9999998599026051
194,800000000,194.8,35.67366666806019,-35.21595064135086,34.872066865305634,0.0004166368392464512,0.0001325579252739175,0.0002013081848136402,0.999999884158571
194,900000000,194.9,35.63835147116269,-35.15976990535277,34.80681381442199,0.0003352874420449819,0.00013847937264958166,0.0001990159384071352,0.9999999143992218
195,0,195.0,35.685807325771044,-35.110871633003626,34.74299783862789,0.00025295123778265485,0.00013415699213573614,0.00018130352385393073,0.9999999425733008
195,100000000,195.1,35.61420533017741,-35.09226288670776,34.68620926647349,0.00024507633220495744,0.00012906959642482077,0.0001952419824004334,0.9999999425795978
195,200000000,195.2,35.695006188514675,-35.14040141823756,34.656466645436396,0.0002396877204348705,0.00011420858321923949,0.00018378969285788411,0.9999999478637712
195,300000000,195.3,35.6503412194139,-35.1190441798221,34.570214858138016,0.0002613905935200112,0.00010453774880681907,0.0001862924476821171,0.9999999430209687
195,400000000,195.4,35.733657171934134,-35.113986841773716,34.61776098753941,0.00025148474163568234,0.00010148794260826294,0.0001879496043795943,0.9999999455652827
195,500000000,195.5,35.758170250385255,-35.03455894971152,34.5689970695331,0.00017402786184917438,0.00010486492467272846,0.00018220442577800814,0.9999999627595985
195,600000000,195.6,35.70861073017465,-34.98472600936245,34.49719936618318,0.00010885485153451984,0.00011551734346453174,0.00018722290182176003,0.9999999698769745
195,700000000,195.7,35.74777191950198,-34.89906145557829,34.451745949841914,3.051653823819458e-05,0.00012554232239338792,0.0001853625916565149,0.9999999744742876
195,800000000,195.8,35.67723611204463,-34.918056443606154,34.5089639373768,-1.864142937552824e-05,0.00012721287360668968,0.0001853111498000922,0.9999999745645796
195,900000000,195.9,35.59608079032053,-34.92612506118371,34.56426800675797,-9.091547697181281e-05,0.00012736085616265753,0.00017472365817835587,0.9999999724926155
196,0,196.0,35.60498727757908,-34.84513439047722,34.508805335431944,-0.00012954977461871218,0.00012081698837701732,0.00018526831294492569,0.9999999671478812
196,100000000,196.1,35.663302062512464,-34.88150209532166,34.57928608840328,-0.00015335663532940343,0.00011083741186829087,0.00017022006473570397,0.9999999676109695
196,200000000,196.2,35.67511609195087,-34.80211392816653,34.522469396031795,-0.00021417258769490668,0.00011337507893364568,0.00018016670931755307,0.9999999544080745
196,300000000,196.3,35.725920072931345,-34.75223867127086,34.45462612750199,-0.000763750010747359,0.00012147327470938052,0.00016898120718909874,0.999999686687709
196,400000000,196.4,35.66420384818947,-34.719895057950964,34.385208120085444,-0.0010572338457496347,0.00011811744781581242,0.00017622094447058688,0.9999994186253524
196,500000000,196.5,35.62073714436154,-34.68869647636519,34.30281127566993,-0.0010833248743310469,0.00012440596761891564,0.00018345232713034215,0.9999993886376208
196,600000000,196.6,35.679647585653726,-34.72121001239916,34.371615706817956,-0.0009495796323306826,0.00013167982583297592,0.00015051548972818427,0.9999995291519056
196,700000000,196.7,35.69010188922283,-34.641312873374225,34.31220405854302,-0.0007451832422700278,0.0001203475138237044,0.0001740508187582528,0.999999699962317
196,800000000,196.8,35.69642603073412,-34.560417309278634,34.250261114690844,-0.0005667406098737445,0.00010127266188285967,0.00016474435487109603,0.9999998207040973
196,900000000,196.9,35.697792662843405,-34.481968653103166,34.19468753884072,-0.00046915427296173395,0.00010027412400953857,0.00017625176647700198,0.999999869387333
197,0,197.0,35.73696161017889,-34.42378287621572,34.12902767570008,-0.0004544113701031408,7.553062538875107e-05,0.00019829475473232217,0.999999874242303
197,100000000,197.1,35.732054404566966,-34.42029583469367,34.2267682563571,-0.00042559620864868745,6.16553554990145e-05,0.00019841246284483537,0.9999998878494832
197,200000000,197.2,35.73324075085957,-34.43239280178506,34.323971158938484,-0.0003624605070907539,8.323900493288554e-05,0.0002163410864332088,0.9999999074450874
197,300000000,197.3,35.73372218101889,-34.353875985879434,34.265356443418504,-0.0003219572659323421,0.00010196176247003251,0.00019431362079623218,0.9999999240947646
197,400000000,197.4,35.83169008419183,-34.353756799733254,34.268086415162756,-0.00031232825665456794,0.0001227457229978817,0.00019343751790112145,0.9999999249832343
197,500000000,197.5,35.872470704169174,-34.24895319836979,34.213149909856575,-0.0003711274088861533,0.00013342127268612959,0.0001900308731833799,0.9999999041757341
197,600000000,197.6,35.93846417224864,-34.24642115550393,34.25058366772973,-0.0003613803154540558,0.000155205964860678,0.0001832258530972763,0.999999905871827
197,700000000,197.7,35.86157126576541,-34.25421247040815,34.30766420848633,-0.00037097062464286026,0.00016945536340021747,0.00018826763202500242,0.999999899110482
197,800000000,197.8,35.83206291732879,-34.295054032348354,34.391768919728264,-0.000327095438562939,0.00017218594843105572,0.00018560602689002335,0.9999999144554844
197,900000000,197.9,35.74631036806447,-34.33970855490844,34.40802323909818,-0.00025511569665855234,0.00016684194140225914,0.00018187383494989052,0.999999937000826
198,0,198.0,35.67808480053965,-34.368310901800996,34.478255056756005,-0.0002115191705307091,0.0001461033168170634,0.00017500510360701793,0.9999999516433363
198,100000000,198.1,35.68871354408761,-34.33863224670607,34.389521661197264,-0.0002374572550586806,0.00012429669683970977,0.0001606526989637356,0.9999999511775457
198,200000000,198.2,35.69879639351161,-34.25514351158755,34.331772400871884,-0.00024250671345120152,0.0001206897888700302,0.00018195419520305385,0.9999999467585684
198,300000000,198.3,35.784628306146985,-34.24280316206405,34.37319668984376,-0.0002502170947504224,0.00011159075495306178,0.00017754755424810356,0.9999999467078861
198,400000000,198.4,35.726965172075346,-34.19586727488463,34.303343367133635,-0.00026065283880114985,0.00010994657514435527,0.00017680626008496623,0.9999999443556958
198,500000000,198.5,35.65607088046799,-34.195129728387094,34.3653216505985,-0.00024201678845957552,0.0001073742629563999,0.00016813652779160775,0.9999999508143738
198,600000000,198.6,35.58850166505691,-34.22565813145637,34.42947419648603,-0.0002147940593090256,0.0001147500542976919,0.00017400060807449337,0.9999999552098617
198,700000000,198.7,35.594751736151764,-34.146456408148275,34.375404951356195,-0.00016228919508990599,0.0001249601581897572,0.0001576584526537958,0.9999999665954937
198,800000000,198.8,35.62185985746365,-34.07750227104958,34.308202961427405,-9.2181591998873e-05,0.00013635786337331512,0.0001636282350152801,0.9999999730674436
198,900000000,198.9,35.68905230950887,-34.00975162093538,34.296787115024586,-5.287387122927727e-05,0.0001310554740583113,0.00017070459250930685,0.999999975444379
199,0,199.0,35.745080796341576,-33.92482129051337,34.20575124600566,-3.5373141850505587e-05,0.0001247483950697318,0.0001728347134720569,0.9999999766573702
199,100000000,199.1,35.7937097017223,-33.94336736449321,34.25624725981327,7.029351318823448e-06,0.0001221163067634547,0.00016865542748399623,0.9999999782967711
199,200000000,199.2,35.70404834708246,-33.9088410673462,34.25817499140955,2.8917348111256446e-05,0.00012336964604369786,0.00016900879088169946,0.9999999776898728
199,300000000,199.3,35.65034492411388,-33.88071040043546,34.18111271697909,2.3979940415902606e-05,0.00012856928151821218,0.00016560862368083569,0.9999999777343429
199,400000000,199.4,35.657068502889764,-33.801599283141776,34.123581481084656,2.3370616227850175e-05,0.00012313615666504558,0.00017279607130704592,0.9999999772164093
199,500000000,199.5,35.61056877051105,-33.750349249437335,34.054110861445466,-4.8582726795928555e-06,0.0001151559586132395,0.0001804135355340304,0.9999999770832291
199,600000000,199.6,35.69830860588321,-33.71584444187778,34.08102401447199,-3.1511894050925426e-05,0.00010137522636269001,0.00017941572967657588,0.9999999782700297
199,700000000,199.7,35.77276231604087,-33.725518904622064,34.14710328064423,-7.023703377789603e-05,9.736441614707718e-05,0.00017545994471917015,0.9999999774003684
199,800000000,199.8,35.754965554393245,-33.69935989822173,34.056363855578596,-0.00010431669108175098,8.344738831580664e-05,0.00017839849252280625,0.9999999751642693
199,900000000,199.9,35.68790167336183,-33.72570092688809,34.12573306490459,-0.00011902405898454745,8.446951859653645e-05,0.00017437280089461428,0.9999999741461498
200,0,200.0,35.60450538956343,-33.71060371088167,34.08044420111527,-0.0001341938815426265,9.47838369056237e-05,0.0001558106345227292,0.999999974365536
200,100000000,200.1,35.596004280068556,-33.63320057203718,34.01759991829872,-6.342593149190379e-05,9.908563812489886e-05,0.00017296848817439212,0.9999999781205446
200,200000000,200.2,35.51480576570341,-33.58237795942834,34.02685850301134,8.48672515859991e-06,0.00010369169275643134,0.0001862466288719634,0.9999999772441005
200,300000000,200.3,35.52000191383521,-33.5037892479611,33.965264347318865,4.448806850958645e-05,0.00010075223056723197,0.00016332756719427034,0.9999999805969527
200,400000000,200.4,35.51123782524133,-33.42360733940531,33.90959550741331,5.059392687618615e-05,9.576743488319619e-05,0.00017973765815375723,0.9999999779816134
200,500000000,200.5,35.552210647601385,-33.36439161462402,33.8431046525534,-1.0539710701463079e-05,0.0001048495996715111,0.0001674501826690889,0.999999980427956
200,600000000,200.6,35.561137510246674,-33.36835888205073,33.94064235999798,-0.00011107052280434073,0.0001133567171062315,0.00018032999163912491,0.9999999711473436
200,700000000,200.7,35.561256238668214,-33.37826056817488,34.03817219631266,-0.0001922618299483448,0.00011982471158215908,0.00017540799934624056,0.9999999589547297
200,800000000,200.8,35.563951315471776,-33.29758589166214,33.97912759040462,-0.00025229893902314773,0.0001283568279103756,0.0001850786481031383,0.9999999428078304
200,900000000,200.9,35.63772994190849,-33.30789004692936,34.04586866459298,-0.00028161490099852684,0.00013498845714305925,0.00016945793832220303,0.9999999368775837
201,0,201.0,35.72278217372878,-33.275327463485816,34.076535339738754,-0.0002804265643077632,0.0001407743169555305,0.0001714242764731553,0.9999999360786236
201,100000000,201.1,35.80860956954553,-33.269705643729544,34.12361323990684,-0.00028464860392658005,0.00014919391662918346,0.00018416579912861825,0.9999999313996507
201,200000000,201.2,35.74226841413873,-33.23155561280174,34.06231968826818,-0.0002860385363968158,0.000149547263313209,0.00017467568142630905,0.9999999326529868
201,300000000,201.3,35.68659415525603,-33.26363032940624,34.13897696064984,-0.00027033516089951525,0.00014822974178219805,0.00017334299994844167,0.9999999374495225
201,400000000,201.4,35.626627505907294,-33.30246774340434,34.20612101896527,-0.000248836372652856,0.00014335158903569384,0.00017824742987530812,0.999999942879316
201,500000000,201.5,35.616689827493836,-33.27599976051909,34.112227852925976,-0.00018938196690945056,0.00013844257527580352,0.00017859465994964774,0.9999999565360348
201,600000000,201.6,35.6274153958163,-33.19989771023484,34.0763766343527,-0.0001389130954627231,0.00012845062314276623,0.00016521220315181663,0.9999999684542581
201,700000000,201.7,35.73267059754603,-33.19739551783165,34.14426943373788,-0.00011722690943891513,0.00013340106435805283,0.00017025419563494387,0.999999969737758
201,800000000,201.8,35.806233714200864,-33.21477194001199,34.13614622584769,-8.635891443012137e-05,0.00013182944075759402,0.00018530044345365778,0.9999999704134406
201,900000000,201.9,35.74433441121267,-33.23038175924502,34.21311300065188,-0.00011001541199956139,0.0001143378859580147,0.00017767205864079548,0.9999999716280479
202,0,202.0,35.76848717349764,-33.1851535895035,34.13188716379264,-0.00011932028488118543,0.00012158022236953953,0.00017439548763917645,0.9999999702835661
202,100000000,202.1,35.68312581878575,-33.135835917829795,34.14859153296622,-0.0001290474490705487,0.00011941478118775666,0.00018185500162009352,0.9999999680078118
202,200000000,202.2,35.676229233819114,-33.05381402396994,34.09536509684209,-0.0001366945696579973,0.00012457619287572678,0.00017480280559373435,0.9999999676196726
202,300000000,202.3,35.59298065535875,-33.058346698637806,34.14694303869663,-0.00017851438942438817,0.0001288681745483654,0.00017410528110932262,0.999999960606478
202,400000000,202.4,35.679561650575955,-33.00929983533323,34.15696817341134,-0.000196359836032586,0.00014433400914710368,0.00016059312928057287,0.9999999574101769
202,500000000,202.5,35.76803728459256,-32.98607507510269,34.18638805341155,-0.00018927604834036738,0.00014761295948655256,0.00017497066419416482,0.9999999558851284
202,600000000,202.6,35.82911553215605,-32.948866424582164,34.11931554021791,-0.00016400085521687806,0.00013052306911792244,0.0001638449227241933,0.999999964611144
202,700000000,202.7,35.779248294871316,-32.91136971627849,34.04623635545382,-0.0001435522024071637,0.00011060306718962176,0.0001705052306882625,0.9999999690438461
202,800000000,202.8,35.768714082804436,-32.91200717694357,33.95071378523967,-9.108122030611076e-05,0.0001016122140311,0.00018075183857339875,0.9999999743539707
202,900000000,202.9,35.71752871092058,-32.916656736814154,33.86491422970654,-0.00013006689663398692,8.88825946233688e-05,0.0001764720988847661,0.9999999720200422
203,0,203.0,35.76630759287212,-32.88952178752467,33.786687459971326,-0.00012899806404763985,9.486958388823244e-05,0.00016447077411088602,0.9999999736543127
203,100000000,203.1,35.85631533316223,-32.85022178014766,33.805591462162944,-0.00019513393508172963,8.163229109682497e-05,0.00019374366324202976,0.9999999588611539
203,200000000,203.2,35.939581492531794,-32.85405466066879,33.86440317992887,-0.00017499751348287341,8.59801907180507e-05,0.0001747515106477508,0.9999999657225928
203,300000000,203.3,35.91211236247879,-32.766917613429,33.850955283850304,-0.0001856871768895151,9.262328118657507e-05,0.00016695335881830004,0.9999999645338875
203,400000000,203.4,35.86098805349286,-32.72915969551313,33.7659167424815,-0.0001433023425989035,9.8469335972964e-05,0.000169775313349105,0.9999999704722854
203,500000000,203.5,35.768589506067784,-32.7071120487027,33.78016787875573,-0.00013864588520757262,0.00010249255759407927,0.0001616377576269378,0.9999999720729145
203,600000000,203.6,35.68411364024258,-32.691679230475344,33.827409047063334,-0.00013643379278037863,9.649496635269035e-05,0.00016762909616724244,0.9999999719875136
203,700000000,203.7,35.68867069540037,-32.607542704915126,33.78127673138644,-0.0001477863654409004,9.427472824907713e-05,0.0001701969818397077,0.9999999701522262
203,800000000,203.8,35.66402084169204,-32.52863308648382,33.721555468421116,-0.0001927336054788796,0.00010126220612216275,0.000161336559823934,0.999999963285118
203,900000000,203.9,35.668510384058244,-32.45190066177015,33.66391115617033,-0.00023506397292816304,0.00010439379432067036,0.00016069444087610504,0.9999999540120795
204,0,204.0,35.675496000466225,-32.37349955507335,33.608785726274675,-0.00024669521756275195,0.00010703576613015347,0.00017047972808499973,0.9999999493107372
204,100000000,204.1,35.649385353459465,-32.402296009498805,33.69879408960721,-0.00019238504687793884,9.904045623264921e-05,0.00018000025527054603,0.9999999603894442
204,200000000,204.2,35.601875802995906,-32.37915033615211,33.61387564648989,0.0002730296527699761,-0.0016154257871031272,0.0001709500769358052,0.9999986433142828
204,300000000,204.3,35.603650796557154,-32.46662010185864,33.56961897559441,0.00044154790354280154,-0.012349188141417892,0.00016170863573565066,0.9999236353032236
204,400000000,204.4,35.61665523578399,-32.46699322446399,33.46232496950364,8.127555197590327e-06,-0.03561003695053796,0.00011765777790151187,0.9993657545458376
204,500000000,204.5,35.61779786331027,-32.5512540359191,33.472092348801574,-0.000318574530969412,-0.06344704191035264,0.00014463378550130487,0.9979851454125769
204,600000000,204.6,35.63190379964451,-32.54953767661121,33.37086997057792,-0.00035642864943620544,-0.0974448744562015,-0.0001406436006909339,0.9952408500560106
204,700000000,204.7,35.670685137934875,-32.520326436132365,33.28725902237121,-0.00014728867364802186,-0.1291753447016741,-0.0006153952547359502,0.9916215658788039
204,800000000,204.8,35.6635854390415,-32.585005334158794,33.288577365949166,-5.763023662915608e-05,-0.14784716887156701,-0.0005263522849886041,0.9890100779510239
204,900000000,204.9,35.788747755408785,-32.552785716087854,33.23287843677166,0.0002036421467263009,-0.1616674322387187,-0.00040728851308210887,0.9868451925197196
205,0,205.0,35.82713250360886,-32.48948357756796,33.30524187986722,0.00027625577180832877,-0.16414250765653032,-0.000315318314713942,0.9864365470912637
205,100000000,205.1,35.85677962676226,-32.47502375131428,33.215601599911764,0.0002418418175987786,-0.16120853744192265,-0.000225153416358167,0.9869203099918
205,200000000,205.2,35.84826216783928,-32.57382675233814,33.22198273024491,0.00019507180170241756,-0.15102172515542678,-0.0001565011416090196,0.9885304122713997
205,300000000,205.3,35.815748166420775,-32.4929428817303,33.27733081674644,8.215104368415602e-05,-0.1306805353292832,-4.010815027566653e-05,0.9914245252809688
205,400000000,205.4,35.823191165248325,-32.58217512610234,33.309351418235394,2.564257626467478e-05,-0.1048505175924811,1.870606060172365e-05,0.9944879928652385
205,500000000,205.5,35.808191110271174,-32.58732713696185,33.40686526904559,-3.773184590402376e-05,-0.07687815838635767,6.509490585128561e-05,0.9970404922078557
205,600000000,205.6,35.71008616395825,-32.581756790513225,33.42831675361112,-0.00011414082174438348,-0.05064306522800976,0.00013430316785922243,0.9987168011397644
205,700000000,205.7,35.71259080439442,-32.58163836543245,33.408474557367114,-0.00011414082174438348,-0.05064306522800976,0.00013430316785922243,0.9987168011397644
205,800000000,205.8,35.83982268075339,-32.55841332739884,33.78830984739353,-0.0004651926986234858,-0.014101159564318764,0.0002462133845814306,0.9999004351802554
205,900000000,205.9,35.8361645974611,-32.50680184805452,33.815026502610905,-0.00047457185414503337,-0.004248731992173098,0.00029504281493912315,0.9999908179617208
206,0,206.0,35.852738761908334,-32.37090385341128,33.85058558277669,-0.00044325632858289077,0.0071749504143600925,0.00021905414843785304,0.9999741374783944
206,100000000,206.1,35.86981607869487,-32.27128560462227,33.86455432886678,-0.00041920217239665156,0.013243133271917503,0.00018055338170241018,0.9999122016913071
206,200000000,206.2,35.875306539017636,-32.27772571107572,33.966119984486554,-0.0004048561629425439,0.016779517324859754,0.00013459293469070488,0.9998591229641174
206,300000000,206.3,35.96065698361519,-32.27777322009527,34.032245954300045,-0.0004029943786624886,0.01833210744534652,0.00011658037204973817,0.9998318647858548
206,400000000,206.4,36.039009679150084,-32.28139290100389,33.9876014149013,-0.00040445372820409017,0.01842889036489528,0.00010425643587020253,0.999830086338522
206,500000000,206.5,36.03150929267147,-32.2611199713672,33.8980454932038,-0.0004103178861549614,0.017442226541563285,7.985250089960186e-05,0.9998477854134015
206,600000000,206.6,36.07642345451812,-32.25335492168695,33.99120621907623,-0.0003078163001520937,0.015527953138819401,9.594618160662749e-05,0.9998793820830462
206,700000000,206.7,36.13871296658651,-32.28518966335751,34.059555086251095,-0.0003027913541842568,0.01315702181204088,3.2631542311428945e-05,0.9999133962647044
206,800000000,206.8,36.15694456403946,-32.2859625469671,34.14784718127507,-0.00032932144460388527,0.010600626718574386,3.5174718106833463e-05,0.999943756930008
206,900000000,206.9,36.22625304582034,-32.26418359989696,34.06806888963026,-0.0003209978057752937,0.007592965466028682,5.593599360750039e-05,0.9999711199364736
207,0,207.0,36.19722680550515,-32.1937998774498,34.11290605116613,-0.00032366904868607867,0.004895208747693413,4.312606458517673e-05,0.9999879650824834
207,100000000,207.1,36.28893769076994,-32.13683085039399,34.113719107836324,-0.00026035765164022807,0.0019856425523244797,3.858127119442935e-05,0.9999979939725046
207,200000000,207.2,36.31097549735366,-32.116490808252316,34.028535731001845,-0.000227189328358419,0.0010363648987985635,6.408822415413789e-05,0.999999435112593
207,300000000,207.3,36.31017024141901,-32.11298776605023,33.92031376548027,-0.00028251701534415794,0.010427645004674677,0.0001229466440466687,0.9999455831633616
207,400000000,207.4,36.31545810718138,-32.18348081077309,33.97399344060308,-0.0003377312528103883,0.029706405394249572,0.00016308614843553917,0.9995585969912228
207,500000000,207.5,36.30983473714854,-32.10498907834326,33.9147503133138,-0.0004046299201067819,0.057791170328577834,0.00019826602916422806,0.998328591996274
207,600000000,207.6,36.310210849792895,-32.085102049987874,33.91683948599001,-0.0004046299201067819,0.057791170328577834,0.00019826602916422806,0.998328591996274
207,700000000,207.7,36.20792237674039,-32.32476610095288,33.61792699353975,-0.0005025017187414888,0.12212299639702437,1.4608994526173979e-05,0.9925148467552576
207,800000000,207.8,36.23634728002023,-32.31587597305187,33.71247578728303,-0.0004789943454541458,0.14465769101002776,6.722860854279196e-05,0.9894816413033537
207,900000000,207.9,36.266461547144864,-32.31106535948847,33.80471897825816,-0.0005011620824372246,0.15564958653436436,-1.8180729985290533e-05,0.9878122061999992
208,0,208.0,36.21258828396971,-32.25177803183239,33.86312128465572,-0.0004791635050211864,0.1583136292429334,-9.276314542317901e-05,0.987388756566159
208,100000000,208.1,36.175033486381786,-32.22850470306588,33.95173537555405,-0.00047920453031850715,0.1553788525188871,-0.00015563160000782838,0.987854826546764
208,200000000,208.2,36.18370847243007,-32.24383770404961,33.85442521419255,-0.0002431047042702369,0.1451026338332939,-0.0001703353876158362,0.9894165642137792
208,300000000,208.3,36.19728165122417,-32.23700337587823,33.754945273245404,0.00023070712952955456,0.12505929923593803,-0.0002458785567256918,0.9921492115566952
208,400000000,208.4,36.174123925275254,-32.21666526274732,33.66154840735289,0.0003717914475643306,0.09896073560264293,-0.000317973233371746,0.9950912186694877
208,500000000,208.5,36.16250070103184,-32.22835846754098,33.5648232058164,0.0002966323949862879,0.07190694670492143,-0.00036276982687857465,0.9974112348589476
208,600000000,208.6,36.183487802354456,-32.222412560184736,33.66035804080321,0.00018225479257480464,0.0466205092090573,-0.0003126070705217797,0.9989126073791933
208,700000000,208.7,36.19067784228563,-32.22489987065387,33.75801381001173,5.9799567531068745e-05,0.025355360047147505,-0.000177964904742313,0.9996784835482776
208,800000000,208.8,36.19880352779004,-32.2227266208091,33.85370467341457,-1.4816785482919842e-05,0.009039557415754925,-0.00011216499292045478,0.9999591359656677
208,900000000,208.9,36.175437467490376,-32.224408593660506,33.75834474246571,-6.888884117678187e-05,-0.0030717122157094324,-6.796776029126755e-05,0.9999952775982369
209,0,209.0,36.217826942798396,-32.19511665684215,33.67471953745812,-0.0001172071442201323,-0.010729533225099801,-2.220036206856962e-05,0.9999424297860356
209,100000000,209.1,36.22874231982362,-32.104500330575455,33.63846658950767,-0.00015938554708845611,-0.01500324705385642,5.945739963955307e-05,0.999887430483505
209,200000000,209.2,36.23282459264543,-32.12127570205577,33.735160971956454,-0.00019767604233758007,-0.01744045256592679,0.00011395945469365185,0.9998478777052641
209,300000000,209.3,36.238574237189354,-32.07858024631623,33.64676200399258,-0.00023751224096810194,-0.01854674216017566,0.00011681763496660331,0.999827959349417
209,400000000,209.4,36.23857637748999,-31.995436454479606,33.59430739742754,-0.000269873365166437,-0.018469830244703403,0.00010000576254896308,0.9998293767128201
209,500000000,209.5,36.24027287991484,-31.90901647034594,33.543586502607425,-0.00027917344250381643,-0.01750348471528899,8.451859079246088e-05,0.999846759729519
209,600000000,209.6,36.24848009096602,-31.831306145990915,33.48412503346263,-0.0002968211285599463,-0.016065289025718518,0.00016486412786543785,0.9998708872677298
209,700000000,209.7,36.250438306974445,-31.753108450478887,33.42811885385927,-0.00034114313505139565,-0.014294989507404267,0.0001779136647516494,0.9998977473937385
209,800000000,209.8,36.186158214479576,-31.789365085603485,33.492807319902724,-0.0003556396087450058,-0.012076002693244573,0.0001381732365756488,0.999927009629992
209,900000000,209.9,36.22550509267055,-31.799650981644252,33.40135394370339,-0.0003174767331133249,-0.009777204556820903,0.00012150156253576613,0.9999521442133861
210,0,210.0,36.26575489547152,-31.717777398439683,33.37101260292826,-0.00034628874320725956,-0.007023105158411678,0.00010297146118021475,0.999975272431733
210,100000000,210.1,36.32763944625271,-31.715183057557983,33.44706019096028,-0.00037806794463738724,-0.0038336661788654176,9.352150116679468e-05,0.9999925756334329
210,200000000,210.2,36.38866301420923,-31.678246832283993,33.37974345364213,-0.00039522264264717634,-0.0007228234684446412,9.370280343012553e-05,0.9999996562724814
210,300000000,210.3,36.46196175483599,-31.613268407918838,33.38030138894382,-0.00037831006192088403,0.0017479800460528092,8.299236800426902e-05,0.999998397278477
210,400000000,210.4,36.411303762245105,-31.566029390701953,33.4495224627799,-0.00037979928570023837,0.004017950093190493,0.00010687860161388327,0.999991850170048
210,500000000,210.5,36.381317332704015,-31.604129517918093,33.536908781006524,-0.0003778025059977949,0.006119348472189308,8.13685828678972e-05,0.9999812019326645
210,600000000,210.6,36.293640538816355,-31.61237405683184,33.579887948315076,-0.0003627313913476211,0.0073778556076917546,5.848624434728742e-05,0.9999727157537495
210,700000000,210.7,36.28108958541836,-31.540899203871984,33.51110276290802,-0.00037269763602691995,0.008393431106350734,4.6971893614406174e-05,0.9999647039792836
210,800000000,210.8,36.20012046682179,-31.514773935157606,33.55574775377947,-0.0003734195184677295,0.009533123575011654,8.930126612679476e-05,0.9999544850332193
210,900000000,210.9,36.2048509755545,-31.436412895315563,33.4970011413111,-0.00037257768527438636,0.010469854979909921,8.741521331315756e-05,0.9999451163344659
211,0,211.0,36.212655564828246,-31.35858797850396,33.43788237464024,-0.00035384706089013757,0.010239048702211068,0.00010167420857223486,0.9999475117906372
211,100000000,211.1,36.214552705296526,-31.27759282113323,33.379219389341166,-0.0003973206080550429,0.009702789066209066,0.00011108430942222735,0.9999528417285224
211,200000000,211.2,36.1851683279321,-31.294810101229636,33.4711640851187,-0.00046418690846960846,0.009136435606467715,0.00012957946574848562,0.999958145766154
211,300000000,211.3,36.16528666552765,-31.314773877360825,33.56713730448299,-0.0003949601529514792,0.008507787336195947,0.0001255073534692276,0.9999637222464742
211,400000000,211.4,36.15630663953772,-31.23259364308159,33.514423385326566,-0.0003799461985901277,0.008406335819206814,0.0001719286574531578,0.9999645791724414
211,500000000,211.5,36.193755407296415,-31.264123483517253,33.59938702817297,-0.0004090238498515474,0.008297193304927808,0.0001586425788490529,0.9999654814618769
211,600000000,211.6,36.28239171105384,-31.26884774510969,33.65743161943313,-0.00034558668761235404,0.0073583790266241915,0.00016444661148196587,0.9999728535241614
211,700000000,211.7,36.336252346152946,-31.20229780044361,33.62851135029813,-0.0003671026583899986,0.006199421811666277,0.00017933651979143466,0.9999806999353797
211,800000000,211.8,36.37780262693284,-31.14270636817401,33.56266169498278,-0.00043345979645337685,0.005052650040598982,0.00019086740562857354,0.9999871231219958
211,900000000,211.9,36.30393475123535,-31.18576163957751,33.61066072554961,-0.0004604471932549844,0.00408485900062067,0.000212585173467761,0.999991528325551
212,0,212.0,36.3577166029331,-31.15394504312761,33.53002343995342,-0.0004665366600441861,0.003301732344285613,0.00023312327810395375,0.9999944132646986
212,100000000,212.1,36.30475519820606,-31.145559557231692,33.447929783337734,-0.00044898732423927576,0.002699678981218129,0.00024999109433503883,0.9999962238169872
212,200000000,212.2,36.24046547308522,-31.1721310055218,33.51423890918845,-0.00043125740154646095,0.0022189257361796585,0.0002586616847297609,0.9999974117365323
212,300000000,212.3,36.3164074755433,-31.18644588579671,33.5777395259144,-0.0004124587924375003,0.001819436262732242,0.000261334090807226,0.9999982256153875
212,400000000,212.4,36.384889348868896,-31.21377900872996,33.64236409244975,-0.0003685346522424777,0.0011888644791875045,0.00025536178321818005,0.9999991927865841
212,500000000,212.5,36.438736166274765,-31.243795073175605,33.72113540657903,-0.0004007235880492665,-0.0003695492098960645,0.00024735321018904435,0.9999998208351724
212,600000000,212.6,36.347744059262205,-31.213185350629683,33.72773201897411,-0.0008649278469371011,-0.001240797749523221,0.00034284324914289594,0.9999987973889124
212,700000000,212.7,36.25662583860988,-31.178247874970012,33.750036756025686,-0.0011148133284868888,-0.0019984814648495532,0.0003042309955137485,0.9999973353497392
212,800000000,212.8,36.29617540962057,-31.119515946300613,33.68229615392355,-0.001092484253261009,-0.0022479959826415094,0.0003407308022843035,0.9999968184423083
212,900000000,212.9,36.25982706854353,-31.03569423574629,33.64684471527521,-0.0009709305598135388,-0.002538783505061989,0.0003051249124830547,0.999996259378479
213,0,213.0,36.34200746513981,-31.05442039047853,33.711138919377056,-0.0008391307248322782,-0.002660957712254254,0.0003103071286702973,0.9999960594288191
213,100000000,213.1,36.35567217660646,-30.98216895607422,33.658657499066635,-0.0007584114079943528,-4.7969718981467544e-05,0.0003655818011884574,0.9999996444304312
213,200000000,213.2,36.3505058460972,-30.98156867175053,33.75653821513614,-0.0006518473191296515,0.012085643159709718,0.00040120166162862207,0.9999266729924328
213,300000000,213.3,36.38338318375627,-30.969460376153293,33.848094234463765,-0.0005743047350300886,0.035231381827789794,0.0004554281318750106,0.999378913372597
213,400000000,213.4,36.381560823192245,-30.869561585206952,33.85335287651174,-0.000543488948482867,0.06666789321933628,0.0004967015154923744,0.9977749495357472
213,500000000,213.5,36.39111096095799,-30.873562928318407,33.93776142161962,-0.00047641562707516116,0.09866189052415038,0.0010084067567653603,0.995120388446626
213,600000000,213.6,36.42510396685438,-30.86917873012129,34.04526082974005,0.0015822505147378254,0.13256153503043125,0.014783233253600038,0.9910632633329993
213,700000000,213.7,36.452653981899566,-30.86479474230358,34.140308577581656,0.007098237361057807,0.15398401862981242,0.046607182849222537,0.9869479761060553
213,800000000,213.8,36.361804775334335,-30.87885088911353,34.17792297010703,0.014918478226769578,0.16373752230553465,0.08903177173696943,0.9823649049197647
213,900000000,213.9,36.270718967843564,-30.898147125585425,34.218188434222874,0.023008954397866526,0.1649273892180884,0.13482903699819956,0.9767756523815283
214,0,214.0,36.1776197303497,-30.925646742499378,34.25389902952427,0.030716556782809046,0.15990462466287864,0.1830297525909008,0.969529325919204
214,100000000,214.1,36.089001869919215,-30.95817896008831,34.29069311245384,0.036007464780740316,0.14638694144407802,0.2322905714452423,0.960893030608691
214,200000000,214.2,36.00639334636361,-30.99697257980788,34.32947020161631,0.03758283777906106,0.1235070338570773,0.2820752667500607,0.9506666538698944
214,300000000,214.3,35.92783825464385,-31.043651665294913,34.3723232832624,0.03551679110106957,0.09544538124026626,0.3327470156175506,0.9375010188513915
214,400000000,214.4,35.95306263943348,-31.02348848114731,34.46354145658986,0.030563695271008516,0.06797299383192237,0.38214033090607746,0.9210940777878773
214,500000000,214.5,35.88474961234403,-31.090065781699003,34.47881749601705,0.023741525042428564,0.04378918367523805,0.43071650231657344,0.9011116146260091
214,600000000,214.6,35.87078034146509,-31.081714500130868,34.49044141821572,0.023741525042428564,0.04378918367523805,0.43071650231657344,0.9011116146260091
214,700000000,214.7,35.917332433480446,-30.89894864506828,34.66168884178436,0.011847562093609761,0.021685222907331932,0.507282181686647,0.8614256639566372
214,800000000,214.8,35.85377185461679,-31.07126374727298,34.67885606576587,0.003139566512610043,0.01038699512222116,0.5694039247270412,0.8219862675007935
214,900000000,214.9,35.848138290469436,-31.07037583022626,34.63647295888752,-0.0004003755116674108,0.006500049455685858,0.59830087538912,0.8012450633639724
215,0,215.0,35.820585696765406,-31.24322806204259,34.65610214357505,-0.006982888009328282,0.0009955215532893354,0.6545420187747903,0.7559927207785193
215,100000000,215.1,35.818141574929726,-31.27475998602509,34.74471019314987,-0.010305894798369188,-0.0005261537052482977,0.693417046823649,0.7204625672920508
215,200000000,215.2,35.82152065613112,-31.37584275475223,34.75726133526332,-0.012128069104139607,-0.0007919766501920032,0.7317755114657547,0.6814373658171556
215,300000000,215.3,35.82480339991244,-31.38380775504121,34.65371560922945,-0.012517819608064038,-0.00023075660258585753,0.768281178612072,0.6399900636213784
215,400000000,215.4,35.85235818726335,-31.467293297528194,34.66253719962051,-0.01183177440839646,0.0007675194086572152,0.7998444439275447,0.6000902311707325
215,500000000,215.5,35.88994757981589,-31.45772367935972,34.75443058965407,-0.010090885546359991,0.002188963408715871,0.8311201841497617,0.5559969621921974
215,600000000,215.6,35.90448589281878,-31.42739534773661,34.84835376926655,-0.0076342094592625415,0.003718754265834592,0.8599197976845103,0.5103585320761017
215,700000000,215.7,35.97342780288309,-31.491938585222286,34.864999683802196,-0.004783213068341707,0.005107583130144163,0.8856940451444095,0.46421664324218737
215,800000000,215.8,36.03855209318376,-31.56469046001235,34.871578942941184,-0.0014923993277779944,0.006357254175426505,0.909216528900491,0.41627234070706437
215,900000000,215.9,36.10234951260822,-31.62499709408629,34.881612880720944,0.001768598481145339,0.007278532453207023,0.9291417515689443,0.36964780604804653
216,0,216.0,36.18334542891708,-31.67960220559967,34.88868430457571,0.005129072159897146,0.00787572477552934,0.9474992736305131,0.3196197616664036
216,100000000,216.1,36.174026722194505,-31.66240557225636,34.892860128647,0.005129072159897146,0.00787572477552934,0.9474992736305131,0.3196197616664036
216,200000000,216.2,36.42175608201137,-31.813503162247102,35.06954077123144,-0.018539283643006752,0.0021482483388358836,0.9746508850587776,0.2229514122969853
216,300000000,216.3,36.415506460055305,-31.804671658495124,35.1946068883336,-0.039844201565249635,-0.001041911074529843,0.9857423622887089,0.16347277819996925
216,400000000,216.4,36.33604411260965,-31.753211877808926,35.22168260299131,-0.06737234561107028,-0.00241296369879751,0.991616465923478,0.11023578893663648
216,500000000,216.5,36.3522676191147,-31.746759341812744,35.12459970076652,-0.0991388276858444,-0.0010789110262089806,0.9934053001005035,0.057586791265903124
216,600000000,216.6,36.32814647196801,-31.753952901391777,35.220177494076616,-0.13034935457931673,0.0019314391388095228,0.9913224344862569,0.01688627217148331
216,700000000,216.7,36.29850632874391,-31.75675240921517,35.314641977716875,-0.1523031514832711,0.004615991475732415,0.9883110722076581,-0.00486489698851895
216,800000000,216.8,36.393109565106656,-31.776524408019505,35.30601687887248,-0.16287516004204133,0.006451775559029211,0.9865143845757675,-0.014813030024618113
216,900000000,216.9,36.48523701197859,-31.793361092344284,35.34375957237701,-0.16510620968930662,0.00801682994032859,0.9860067328760485,-0.021596126570274703
217,0,217.0,36.54523146097682,-31.774333166826164,35.27007465281205,-0.1619293803633824,0.009123091379713014,0.9864137116648223,-0.026146403546902203
217,100000000,217.1,36.57042578808457,-31.677212435677387,35.278998116643315,-0.1511125308221725,0.009788724608505522,0.9880342974961418,-0.0292815790278213
217,200000000,217.2,36.54549733154254,-31.736893131902782,35.35069416476541,-0.1309666940206419,0.010020487227171361,0.9908464490678724,-0.031154923569503466
217,300000000,217.3,36.52384339097214,-31.739493298659994,35.44649087748995,-0.10493804417749225,0.0099170908437453,0.9939094583641406,-0.03215037741147782
217,400000000,217.4,36.513102311974635,-31.74711969285869,35.5436245345969,-0.07783869579688749,0.009613958320230594,0.9963873971016725,-0.03257090939797094
217,500000000,217.5,36.51401136832264,-31.727269309333703,35.541358284287014,-0.07783869579688749,0.009613958320230594,0.9963873971016725,-0.03257090939797094
217,600000000,217.6,36.49642933473436,-31.719702186969922,36.05375984620559,-0.039659206674280405,0.008538155425566078,0.9986552275912126,-0.03227977126063244
217,700000000,217.7,36.49976097652489,-31.71916774321381,36.04746418153613,-0.035490993867166115,0.008339272694987881,0.9988158334974848,-0.03221454081566644
217,800000000,217.8,36.50413546262675,-31.550643735661094,36.1664074396783,-0.01760377598916807,0.007709610887321253,0.9993062334666729,-0.03190173546283345
217,900000000,217.9,36.450788616107616,-31.519537114138043,36.23254263582979,-0.010078046365203173,0.007351648170346845,0.9994244129631685,-0.03154725065463594
218,0,218.0,36.45035602146876,-31.530672276044058,36.336156374691335,-0.004838773904416966,0.0071171681368485265,0.9994886136570252,-0.030796807541879575
218,100000000,218.1,36.444778172590496,-31.52812882203831,36.23810865679828,-0.0017929950622765244,0.0069249382912914634,0.9995214115904845,-0.03009614876581377
218,200000000,218.2,36.40720045810276,-31.46910461099082,36.30723052612856,-0.0009171975191118514,0.00681180955778662,0.9995433836289446,-0.029424177862092036
218,300000000,218.3,36.472036611422844,-31.498652287903447,36.23948366992324,-0.0013509528091327078,0.006767617035948137,0.9995647232156161,-0.028683416620955693
218,400000000,218.4,36.54150829100625,-31.524814905396738,36.17510702383996,-0.002575294693556371,0.006748912019201011,0.9995833680444454,-0.027944773620866458
218,500000000,218.5,36.52503633471441,-31.52650694451413,36.18632360351226,-0.002575294693556371,0.006748912019201011,0.9995833680444454,-0.027944773620866458
218,600000000,218.6,36.82373474081727,-31.282955728375292,36.11097358763652,-0.006864363550746196,0.006730307530724041,0.999602562436854,-0.026500955515992644
218,700000000,218.7,36.9055712709059,-31.287661824038615,36.05699798575406,-0.00905380351783203,0.006727826167560996,0.9996049112151487,-0.025744639664873264
218,800000000,218.8,36.98701706540536,-31.29544407946797,36.00288676963831,-0.01169750524933726,0.006438699996371504,0.9995962226783183,-0.025081928166246218
218,900000000,218.9,37.06245348577371,-31.313535827588062,35.942851171240584,-0.014090757067625243,0.0059571380908379715,0.9995846501142392,-0.02442315145557046
219,0,219.0,36.967821551992216,-31.316047312226846,35.96847212183606,-0.01731667860408977,0.005890961638707709,0.9995492587231031,-0.02380564217133189
219,100000000,219.1,36.93453240062175,-31.31179414848116,35.87633416153914,-0.02058582153287543,0.005896972973372861,0.9995024755219081,-0.02315709582709736
219,200000000,219.2,36.841568430108545,-31.311006035684404,35.90711038404939,-0.02283046227135417,0.005996902710386797,0.9994678109140726,-0.02251448638077893
219,300000000,219.3,36.93573161391749,-31.307096231566813,35.88055109109317,-0.025035016213591457,0.005666809905110317,0.9994299782454176,-0.021928379170576606
219,400000000,219.4,37.01293402782705,-31.3029797874788,35.910353282310965,-0.027038734382358737,0.0055444282101833045,0.9993897178977517,-0.02140929515595553
219,500000000,219.5,37.00828864521339,-31.278035535454837,35.99697037564241,-0.02782039833102779,0.005593592548798023,0.9993813000085933,-0.02077869948373075
219,600000000,219.6,37.051939238210274,-31.23506213176001,36.1035330418682,-0.02872791530046646,0.005794069880030852,0.9993671461982362,-0.020160425003153862
219,700000000,219.7,37.02324820894643,-31.285245967186047,36.02441654580434,-0.02990761641475467,0.005906250790759702,0.9993436669764114,-0.019567471888922727
219,800000000,219.8,36.93834015585187,-31.327117346884425,36.04975189570817,-0.03053868745257009,0.006109485643005748,0.9993335437062837,-0.019040251502892028
219,900000000,219.9,36.905255208214314,-31.262343385128027,36.11543577984321,-0.030385875173591845,0.006191665275352655,0.999347004373698,-0.018545261399318693
220,0,220.0,36.96344927277817,-31.304872076355583,36.04901724238911,-0.029674128380609576,0.005799240813800911,0.9993809087304543,-0.01798927947212729
220,100000000,220.1,36.97184318706323,-31.224930000925095,36.10506590853605,-0.02951723979866887,0.0055086286265968575,0.9993957297436639,-0.01750893873002774
220,200000000,220.2,37.03825132680477,-31.263089829324446,36.037765561218954,-0.0294433265743005,0.005462959511397254,0.9994070850293522,-0.016991909449772826
220,300000000,220.3,37.02791603263723,-31.340051007709,35.97796389512135,-0.029167196265265656,0.0055659852174864645,0.9994227718129636,-0.016505079590091114
220,400000000,220.4,37.05009472321114,-31.337848851446186,36.069430358675646,-0.028247391857482537,0.005712521172448246,0.9994563067315414,-0.016016956316707166
220,500000000,220.5,36.99620794177039,-31.30740711238717,36.15047540162229,-0.0273098971292598,0.00585867906686781,0.9994894143830085,-0.01551631189076452
220,600000000,220.6,37.034103967139735,-31.369125575058433,36.08736847342086,-0.026660672798700786,0.005970124053583564,0.9995136492501896,-0.015034330955326004
220,700000000,220.7,37.04706146209912,-31.42792085575192,36.00754047595587,-0.02580129471908292,0.00600062541348418,0.9995428691601477,-0.01457183573082375
220,800000000,220.8,36.98814585387343,-31.48562956855027,35.95456251394464,-0.024906311044224867,0.006052739166645896,0.9995712966895155,-0.014151425835926306
220,900000000,220.9,36.92528601648906,-31.49362507757958,35.87976985043139,-0.024091997183887135,0.006120120118027081,0.9995970234791797,-0.013708043368650237
221,0,221.0,36.99234054445699,-31.500927612271386,35.80865136707903,-0.02340921797190135,0.006171906772616572,0.9996176814572432,-0.013356908279226752
221,100000000,221.1,37.00704501854773,-31.58453527518317,35.75963416303852,-0.02272350983900564,0.006189159396524593,0.999638656949045,-0.012957312208589557
221,200000000,221.2,36.958383124433595,-31.640861637226315,35.69287088179511,-0.021628444599143478,0.006211451159144183,0.999667714618357,-0.01257332925007327
221,300000000,221.3,37.04504626705484,-31.598492788414514,35.67541604415786,-0.020898668494341507,0.006225881185978494,0.9996873448032546,-0.012235060230363184
221,400000000,221.4,37.06095887830148,-31.628426747116222,35.58331300797529,-0.020015426369868305,0.006237819107533645,0.9997093729912119,-0.011901339148696307
221,500000000,221.5,37.12539365578381,-31.662855689956572,35.51780082744358,-0.019447890610492354,0.006214946605121785,0.9997250571926013,-0.01153100215713701
221,600000000,221.6,37.089217211595326,-31.60143008054472,35.585028016850394,-0.01827442696073656,0.006331974509310619,0.9997504394222263,-0.011180800201048375
221,700000000,221.7,37.074810073501645,-31.56248448946269,35.67813198066641,-0.017476439301609626,0.0068199337718008995,0.9997650326824619,-0.01086011041018726
221,800000000,221.8,37.031279314947085,-31.520191700376575,35.73730643024318,-0.017109026236641196,0.007018738433046104,0.9997733358477479,-0.010549666341110665
221,900000000,221.9,37.10747755338786,-31.52863284688278,35.79835978058966,-0.016958174038973022,0.007022611027410471,0.999779524382479,-0.01019832795932022
222,0,222.0,37.19375820169921,-31.563401905605783,35.82925714793075,-0.017324277443508066,0.006948032116825457,0.9997767264207215,-0.009904118750795951
222,100000000,222.1,37.20244682847897,-31.541639307890165,35.92442720818161,-0.017862582160951455,0.0068082763268684406,0.9997711025853601,-0.009608223938585172
222,200000000,222.2,37.11471892399649,-31.50269834216595,35.95251198066823,-0.018418047508647666,0.006617522498582322,0.9997643494964203,-0.009393050513514368
222,300000000,222.3,37.19594236054842,-31.546922195939,35.919975914242485,-0.018871330654057297,0.006486153533839894,0.9997595686108439,-0.009088875768764593
222,400000000,222.4,37.10566263445085,-31.5254659887694,35.888437071821485,-0.019276082502074913,0.006409040330435101,0.9997544755355391,-0.008851298891997239
222,500000000,222.5,37.192720131439536,-31.55689946427948,35.92068576600305,-0.019540087852410914,0.006418160903616085,0.999751699251108,-0.008575081449039984
222,600000000,222.6,37.127202373089936,-31.56797406095183,35.848605462133285,-0.019685139520211867,0.006449224544916319,0.9997504140564716,-0.008367340004615302
222,700000000,222.7,37.125739687503476,-31.54234401666901,35.96885461212512,-0.019802731631318803,0.00691658866405557,0.999747599648497,-0.00804671474944019
222,800000000,222.8,37.074342157689856,-31.559280341570314,35.918087317010176,-0.019886950498226915,0.007233796108356784,0.9997456336331062,-0.007800604161401031
222,900000000,222.9,37.086360497757504,-31.53776246586343,36.012980007373265,-0.0199718357174538,0.007331900722866142,0.9997450018177977,-0.007569699478636616
223,0,223.0,36.9984161740774,-31.54562415374159,36.05589884955906,-0.02005104053483909,0.007226725698087807,0.9997458102961457,-0.007351530756104343
223,100000000,223.1,36.96879720706372,-31.618867996443566,36.001152656150424,-0.02010975235220846,0.007037282697297098,0.9997476031458895,-0.007127728713995848
223,200000000,223.2,36.89270413381025,-31.592862681936545,36.060485111910324,-0.020168254623243138,0.0068657119204777965,0.9997492729996595,-0.006891635649797944
223,300000000,223.3,36.918793068311636,-31.575917783835276,36.153388952133504,-0.02022493775369662,0.006700983837068468,0.9997503326758983,-0.0067320890446503105
223,400000000,223.4,36.866055696661405,-31.56513971839274,36.23294694586762,-0.02028770143329459,0.006586696021608166,0.9997513176714421,-0.006505952681034347
223,500000000,223.5,36.8507072742063,-31.526999931925783,36.32191679835253,-0.020348170440758477,0.006512096973968319,0.9997516102377648,-0.006345264353206611
223,600000000,223.6,36.91828556531817,-31.582253357312663,36.24164391805145,-0.020378245179302392,0.006449760750599491,0.9997526200563996,-0.00615031706797165
223,700000000,223.7,36.96692865209991,-31.549874758417456,36.322794049003015,-0.02036956624662535,0.006391238995712318,0.9997541120841404,-0.005995682269441922
223,800000000,223.8,36.927812504859496,-31.60713383417928,36.25630057303421,-0.020363531066392555,0.0063590996803958855,0.9997555300714287,-0.005811070930521149
223,900000000,223.9,36.950361911205825,-31.585984888980278,36.35139053935075,-0.02037978810397186,0.006313959621792914,0.9997566940380813,-0.00559918536735448
224,0,224.0,36.99884527429653,-31.650936567588197,36.296255712033116,-0.020415010815360752,0.006270524558327248,0.9997573551116697,-0.005398032538875984
224,100000000,224.1,37.05719548123442,-31.62520041457519,36.36024276788354,-0.02045364470477441,0.0062827985771062795,0.9997572656874318,-0.005252101057718448
224,200000000,224.2,37.06441583504002,-31.666327285029126,36.27155507330685,-0.020486112850759054,0.006300482542280416,0.9997573007829191,-0.005095353888803888
224,300000000,224.3,37.0615248646519,-31.745047245397306,36.21321104478122,-0.02046149397229696,0.0063157942266015435,0.999758207492287,-0.0049964546948874766
224,400000000,224.4,37.07828699667835,-31.835296415122933,36.16875590625786,-0.020416218513892727,0.006252003595426911,0.9997602076169926,-0.004859808459588485
224,500000000,224.5,37.0773631248399,-31.915396592994913,36.11913815225586,-0.020465183495799726,0.006218889778501389,0.9997603230993181,-0.0046688361240518035
224,600000000,224.6,36.99915475219093,-31.90840227887556,36.1875161183916,-0.02047561019094862,0.0062328634314804425,0.9997606776692715,-0.0045263878570031965
224,700000000,224.7,36.93823374559122,-31.884419074192323,36.24414756608049,-0.020480596811070464,0.0062539230282109455,0.9997609974896638,-0.004402442446208176
224,800000000,224.8,36.9073937439172,-31.964006097473675,36.181332179288354,-0.020490262022331042,0.006235874160566716,0.9997614442773961,-0.004279903279851071
224,900000000,224.9,36.92246347880712,-32.00501167750742,36.10013979476718,-0.020489560557208013,0.006212318503759125,0.999762174803359,-0.0041447363532692485
225,0,225.0,36.85148903855909,-31.980724070710274,36.16013324702133,-0.020483847538502957,0.006185436689380387,0.9997630298886091,-0.004004551276887262
225,100000000,225.1,36.831373937764205,-32.05494579235935,36.09623156074376,-0.020459092009280425,0.006180537836305608,0.9997639197689628,-0.003915512023822555
225,200000000,225.2,36.85713406544399,-32.02637166398322,36.18638722249888,-0.020426706017285943,0.00615803192827668,0.9997652757961059,-0.0037711584944567977
225,300000000,225.3,36.77032818816562,-32.06460707405255,36.17117137659586,-0.020400700113768825,0.006126181659748896,0.999766389580803,-0.003667096631678901
225,400000000,225.4,36.68421336537703,-32.054684685555394,36.12540073461596,-0.020423896149306387,0.006087073979059235,0.9997665763563374,-0.003550323532248433
225,500000000,225.5,36.642905258999704,-31.99081115566151,36.066717127016716,-0.020435044716397992,0.00608720490951338,0.9997667949268259,-0.0034220820520123683
225,600000000,225.6,36.67403022800606,-32.01146329369324,35.96967569683129,-0.01990247156684766,0.0061731628711352675,0.9997774553545916,-0.0032899012743787186
225,700000000,225.7,36.719637140636515,-32.04001825713385,35.89477195007584,-0.019498811896265848,0.0062056598184819,0.9997855063881451,-0.003198020802273416
225,800000000,225.8,36.775539305114634,-32.113846039264054,35.810557435097024,-0.01942513963538862,0.006219656933828262,0.9997873256212013,-0.0030468582141899435
225,900000000,225.9,36.81439477535271,-32.17636831585028,35.79195303951914,-0.019555394196737932,0.006243429422074756,0.999784859440268,-0.002973378695253869
226,0,226.0,36.80073949883799,-32.25529348373505,35.73864202699063,-0.019770905739304002,0.00626244216236587,0.9997807427577496,-0.002891282617288145
226,100000000,226.1,36.78215278073792,-32.33953973955046,35.68414053950352,-0.019984846759153862,0.006286422192745703,0.9997766321939926,-0.002787923037998398
226,200000000,226.2,36.712557526247586,-32.31608352030422,35.742976012267896,-0.020084882505541284,0.005816546290859772,0.9997777843539253,-0.0026734240855355662
226,300000000,226.3,36.7475226423913,-32.36956991868674,35.66871142056964,-0.020160729301020253,0.00544087009687722,0.999778449095284,-0.0026447403026936232
226,400000000,226.4,36.762763857243016,-32.34298606489887,35.761776880821785,-0.020204530593612723,0.005359981968689708,0.9997781792990899,-0.0025767681665439996
226,500000000,226.5,36.85341241593545,-32.33910358729492,35.72474728275588,-0.02025938466490217,0.005460840239030833,0.9997767141496618,-0.0025016796335015894
226,600000000,226.6,36.82724729110153,-32.420611009437685,35.677022396398485,-0.02030647220671619,0.005613906649312992,0.9997751055655113,-0.0024227113161458926
226,700000000,226.7,36.91768980876119,-32.455518990626615,35.66258446233755,-0.020336446552672353,0.00574151839003261,0.9997739708769466,-0.0023390308098565973
226,800000000,226.8,36.91398779018627,-32.530768935233894,35.59988262688839,-0.020351593748986405,0.005821675974033581,0.999773282470643,-0.0023031236627136784
226,900000000,226.9,36.92050325451365,-32.61568495515279,35.551347642464975,-0.020381053400328506,0.005873229356563109,0.9997724648745745,-0.00226634459784778
227,0,227.0,36.89742274200161,-32.64127483709177,35.45957305750291,-0.020424803727554734,0.005937500658641169,0.9997712981871666,-0.0022191889886290822
227,100000000,227.1,36.80870781503806,-32.671649698189896,35.48815565176271,-0.02048921899782387,0.006024265697444335,0.9997696677488463,-0.0021240473222932017
227,200000000,227.2,36.73733564471179,-32.73800381997884,35.47754044534337,-0.02054419329489045,0.006087253868199437,0.9997683981809592,-0.0020078498164505542
227,300000000,227.3,36.67040186796711,-32.8084983838745,35.464963065848195,-0.021058633133910504,0.006145475202619749,0.9997574907186951,-0.0019305069084374056
227,400000000,227.4,36.72229829144823,-32.88929871040626,35.44527364410562,-0.021500427230273466,0.006193083495032961,0.9997478661511997,-0.001892477704518355
227,500000000,227.5,36.746105817585196,-32.94419855271755,35.36763212323339,-0.02159251033458679,0.006211875650626591,0.9997458101559643,-0.0018684683423994075
227,600000000,227.6,36.790819899956844,-32.979419828170364,35.28767189423904,-0.02143241502295774,0.006254912313636377,0.9997491733119248,-0.0017658200235268404
227,700000000,227.7,36.85373378187894,-33.01592700935078,35.221841023556316,-0.02117171579683449,0.006269138434192694,0.9997548144174079,-0.0016635512392322509
227,800000000,227.8,36.86094891628316,-33.09193741805487,35.16044874367298,-0.020948626403330717,0.0064347943482499816,0.9997585480696277,-0.0016106008876673734
227,900000000,227.9,36.797172633778914,-33.12411758475513,35.093372598431266,-0.020797878223901892,0.006905554145600658,0.9997586405290013,-0.001556364651695485
228,0,228.0,36.754833729200115,-33.20579746914505,35.059599530882636,-0.020714543994118404,0.007082317783769894,0.9997591812396974,-0.0015257682836437773
228,100000000,228.1,36.741625269539746,-33.285357321196315,35.00390463879534,-0.020672049903488116,0.007020400239793337,0.9997605565990225,-0.0014865403034183087
228,200000000,228.2,36.71685383291638,-33.36570794375524,34.953541451331134,-0.02065764328657207,0.006862454793699664,0.9997620188143475,-0.00144021675789567
228,300000000,228.3,36.753566751042385,-33.4243612730951,34.88412442765839,-0.020633056685317366,0.0066792917332505605,0.9997637877190299,-0.0014257627647550155
228,400000000,228.4,36.79712175308038,-33.36762938236501,34.951153315068694,-0.02062653952764487,0.006562757897150479,0.9997647885403191,-0.001357818407943794
228,500000000,228.5,36.87610204118747,-33.36351989875266,34.89324224798058,-0.020608795056497653,0.006479862174935001,0.9997657432258433,-0.001321977530210881
228,600000000,228.6,36.915387470987106,-33.391403257540674,34.807873326135635,-0.020579912031615598,0.006425057267424234,0.9997667933244583,-0.001242910138052833
228,700000000,228.7,36.84267547282477,-33.367761415981974,34.87230943596086,-0.02050781978529712,0.006442268099639829,0.9997681708979526,-0.0012373232190853024
228,800000000,228.8,36.81419343870694,-33.35176266691107,34.956546404716484,-0.016761704025283188,0.007967946376634323,0.9998271350370077,-0.0011212280755036918
228,900000000,228.9,36.783727469577215,-33.31207162697968,35.040834637217834,-0.00281143514970621,0.012884710291805069,0.9999127157704583,-0.0008005708225971364
229,0,229.0,36.86895203821975,-33.28155588313952,35.0031043361193,0.021069127171220798,0.02080934168480451,0.9995614198792568,-0.00017626075003744228
229,100000000,229.1,36.89914634843492,-33.291397224119365,34.910079657365934,0.05130323271732072,0.03062341376909053,0.9982124784153054,0.001425755186908943
229,200000000,229.2,36.9667574556642,-33.307397777125544,34.83739935530999,0.0844620809295356,0.04140691715616499,0.9955630249259804,0.0024264164743228824
229,300000000,229.3,36.975581708762505,-33.34913967158947,34.873312928277265,0.10608201250286257,0.047370624608625234,0.993196394711532,-0.007971955816864865
229,400000000,229.4,36.9383124416547,-33.38454648620128,34.74923444646883,0.12347565185652733,0.04781398435648924,0.9897175854909804,-0.0540988656855857
229,500000000,229.5,36.92254283327819,-33.35011687613181,34.85924044571046,0.13379623175201322,0.04538974348485546,0.9849408177446686,-0.09964900950739217
229,600000000,229.6,36.902961318279836,-33.354064613430566,34.86023021365757,0.13379623175201322,0.04538974348485546,0.9849408177446686,-0.09964900950739217
229,700000000,229.7,36.67944635921469,-33.34390069246256,35.195687717586,0.12794784728212694,0.036764170690245804,0.9809142756717542,-0.14172130366563096
229,800000000,229.8,36.59502577922612,-33.36382638126349,35.24071690597123,0.11984540281332752,0.033110622268967445,0.9809693563939613,-0.14913043932574754
229,900000000,229.9,36.62523773575676,-33.33685919782788,35.331687646741486,0.10298726338422444,0.028474879226224072,0.9821926330541035,-0.15453296220524465
230,0,230.0,36.58241051329687,-33.25862122010694,35.37544506402014,0.07873658855948011,0.023217332709665146,0.9839111357898395,-0.15868327559201684
230,100000000,230.1,36.56337058806315,-33.16253097627044,35.39028443227225,0.051478141820854556,0.01803226985281392,0.9852948394260108,-0.1619225665529633
230,200000000,230.2,36.61702024314846,-33.08165108073385,35.40881268604524,0.025322616622742475,0.013523611819475744,0.9860087502846375,-0.16420298831891342
230,300000000,230.3,36.59904091923968,-33.0900494816274,35.41130482854001,0.025322616622742475,0.013523611819475744,0.9860087502846375,-0.16420298831891342
230,400000000,230.4,36.68380122411454,-33.00914242653413,35.7346385466369,-0.005736714852392952,0.009431303695267266,0.9860699204512705,-0.1659646124766819
230,500000000,230.5,36.6126677769414,-32.86973851105958,35.83300662824802,-0.02039808397311734,0.0077855830627494025,0.9857456395872073,-0.1668197737122504
230,600000000,230.6,36.61220441475393,-32.86769565919937,35.82184712777308,-0.023637854895419037,0.007263605305349444,0.9856646036252612,-0.16689452062356058
230,700000000,230.7,36.591395989392794,-32.797113364628906,35.635244061651605,-0.033817109044462196,0.00616382382202486,0.9852946030218384,-0.16737071329179398
230,800000000,230.8,36.62508599767758,-32.874581687517974,35.68476666169571,-0.03760712495111951,0.005851170307724015,0.9851372260577151,-0.16749959341518214
230,900000000,230.9,36.680702239277316,-32.84796413363118,35.76077596933976,-0.0393788840359875,0.00597808984460941,0.9850645526811868,-0.16751535149025476
231,0,231.0,36.71575986164495,-32.89471129043534,35.6822641859168,-0.03965265903829118,0.006225156112255971,0.985070859995448,-0.16740464405266584
231,100000000,231.1,36.74699837420289,-32.84536819767146,35.76068372245115,-0.03866278080236378,0.006637019925051324,0.9851119225149417,-0.16737873062626066
231,200000000,231.2,36.73900323425448,-32.87929250430853,35.66941799751984,-0.03685402589234958,0.007032416605854626,0.9851914714456896,-0.1673023923405897
231,300000000,231.3,36.692525493251736,-32.83566500381825,35.74349765010664,-0.034430618438797495,0.007487340768566572,0.985299592115767,-0.16716215486359562
231,400000000,231.4,36.64295622342416,-32.81782280411917,35.65879166270259,-0.031631560075547946,0.007940795534942527,0.9854113725329025,-0.16703537067423985
231,500000000,231.5,36.672888965411374,-32.89320598001279,35.604104796296774,-0.028780495796991202,0.008548010814508067,0.9855173872125337,-0.16689545851992355
231,600000000,231.6,36.65684615875186,-32.93758032209143,35.51835583233294,-0.025825734722814787,0.008997540953491439,0.9856112731287378,-0.16680076128233293
231,700000000,231.7,36.65754530629871,-32.90755510333747,35.61152414208624,-0.023001656020199282,0.009515549180777828,0.985700906977513,-0.1666556333516062
231,800000000,231.8,36.71865385009245,-32.94364163685887,35.54401777737244,-0.02418301642398063,0.009317789967212773,0.9856904502087778,-0.16656139070619422
231,900000000,231.9,36.719414877900114,-32.92109802456579,35.44856784632266,-0.036174738680519174,0.0073146790748450366,0.9853335364422655,-0.1666004373151726
232,0,232.0,36.73636821739772,-32.9191654809433,35.33937057165474,-0.06020510830209297,0.0032716437095923617,0.984174883497923,-0.16662664844982186
232,100000000,232.1,36.70349218310699,-32.84456055268628,35.284056240361124,-0.08967586097433386,-0.0016818564504109629,0.9819333056172103,-0.16662051085340857
232,200000000,232.2,36.702131952734064,-32.833002892217905,35.267790624546464,-0.08967586097433386,-0.0016818564504109629,0.9819333056172103,-0.16662051085340857
232,300000000,232.3,36.70046834843215,-32.60137577109179,34.973560774090934,-0.1372041530749253,-0.009642877473915559,0.9763153386197506,-0.16700417620172597
232,400000000,232.4,36.70455983816169,-32.527802464357684,34.88182867431478,-0.15654903296636494,-0.012806633938064504,0.9734127684911257,-0.16672124202666702
232,500000000,232.5,36.7243901710937,-32.60025579256363,34.9433547542659,-0.16340147536932564,-0.014051124141111452,0.972322721013256,-0.16640627980601239
232,600000000,232.6,36.678972829236,-32.68795200808235,34.95017563775524,-0.16343991836474003,-0.01416609755013821,0.9723302998182932,-0.1663144696663382
232,700000000,232.7,36.66411154128347,-32.61952537689414,34.8748305915488,-0.1589882210008736,-0.01338288562041199,0.9730873307811003,-0.16626692584143674
232,800000000,232.8,36.655992546064795,-32.66967973649893,34.95717739456776,-0.15001691503943548,-0.011879417819964471,0.9745322099047168,-0.16625515478486302
232,900000000,232.9,36.676979349830205,-32.6745258198496,34.863046864064835,-0.13267836352595583,-0.009115418509518148,0.9770739530887566,-0.16625237199204454
233,0,233.0,36.691875517563496,-32.679774392970174,34.76602536777433,-0.1083971427309692,-0.005079174897310802,0.9800825568913231,-0.16632030275192225
233,100000000,233.1,36.714151078565735,-32.67419337521343,34.67066025820161,-0.0820483286327133,-0.0007997489173982269,0.9826628644949051,-0.16625620864471574
233,200000000,233.2,36.725532217854685,-32.73054670236308,34.747553093492705,-0.05752178670300676,0.0028407306932291434,0.984420724842125,-0.1661295001043698
233,300000000,233.3,36.7114269250383,-32.71041157720004,34.842367685563026,-0.03648497339041523,0.006419227055369057,0.9854538154723476,-0.1658566182330533
233,400000000,233.4,36.71401171118284,-32.73169362017061,34.93800467247445,-0.019397850682258716,0.00926219822151695,0.9859484079513992,-0.16566131694247638
233,500000000,233.5,36.730735462009484,-32.800060661577795,35.006479039429294,-0.0068727020513711795,0.011236230180251456,0.9861340105415799,-0.16542740507856912
233,600000000,233.6,36.762929121565676,-32.88125124809032,34.95343290501004,0.001738633070253955,0.012542456671935704,0.9861561757058375,-0.16533499645543018
233,700000000,233.7,36.79740739433711,-32.961146338070776,34.907841673323915,0.006607305665650041,0.013314698456550107,0.9861517225159128,-0.16517821434968366
233,800000000,233.8,36.72584719485343,-32.958371075763566,34.972194500983896,0.009447066362414522,0.013664928915520342,0.9861352333414589,-0.16511003669512167
233,900000000,233.9,36.706684891535986,-33.03531486341947,34.91400977198871,0.010572109938306089,0.013812251303969713,0.986134552773161,-0.1650336209147888
234,0,234.0,36.80276354634224,-33.015652948107785,34.90706795423289,0.010381007828041645,0.013887390636333255,0.9861420571447774,-0.16499460048151446
234,100000000,234.1,36.832393435964434,-33.09338503459177,34.85478304023773,0.009262116901846496,0.013875189345050262,0.9861560014896759,-0.16497888664017027
234,200000000,234.2,36.83926344350852,-33.16651452754275,34.789579478338744,0.007339537699552475,0.013850241567477153,0.9861814664887849,-0.16492548968825038
234,300000000,234.3,36.83274901158276,-33.150791442005975,34.88624427034065,0.005152816163458006,0.013700655680629809,0.9861988562814203,-0.16491681657346194
234,400000000,234.4,36.7577018518764,-33.16933197748196,34.94671118631362,0.0029941289844057683,0.013565279114327623,0.986200534513404,-0.1649712827120269
234,500000000,234.5,36.76863416606427,-33.25244037675594,34.89575302450759,0.00042622808616814934,0.013391261484728991,0.9862262335537072,-0.16485845048384687
234,600000000,234.6,36.78496970449772,-33.332301349994175,34.8447682462558,-0.0022093371135249507,0.012880196464768134,0.9862323420257011,-0.16484837551837897
234,700000000,234.7,36.82957537023893,-33.42353343262556,34.82206174049547,-0.005464264343365293,0.012762217780123273,0.9862255302025432,-0.1648225445417921
234,800000000,234.8,36.885828679869505,-33.390169060578735,34.87606978227947,-0.008203656444618007,0.01274295673783299,0.9862175615816721,-0.16475812059627645
234,900000000,234.9,36.977942771848376,-33.42091210898148,34.889709953318615,-0.010367231261921857,0.012338403773255766,0.9862113870631778,-0.16470392932535932
235,0,235.0,37.03436698684266,-33.49175927409932,34.8525257761354,-0.012507734036338036,0.011801845513983014,0.9862015959195566,-0.16465322723062556
235,100000000,235.1,37.07110144696812,-33.4646261728455,34.93915463120825,-0.014825471396416578,0.01103986431480204,0.9861801961860944,-0.16464187633813368
235,200000000,235.2,37.03688123674882,-33.558229791450685,34.94638104816394,-0.016422037647992455,0.01013883948640221,0.9861708462600811,-0.1646043213285495
235,300000000,235.3,36.96842767665858,-33.61077720001294,34.988535076938895,-0.01723801066229629,0.00959961039439353,0.9861652439038487,-0.1645867861790397
235,400000000,235.4,36.892582349523046,-33.60647917722438,35.05044524042591,-0.01838537474672143,0.009820504923807096,0.9861558943651126,-0.16450558558118616
235,500000000,235.5,36.94991966294583,-33.667091762531506,34.972298565716436,-0.019147865527233066,0.010310113959110813,0.9861346153125481,-0.16451620369518052
235,600000000,235.6,37.00587518046624,-33.68973768257712,34.915379406382435,-0.01922385239962828,0.010244696171791511,0.9861384314233814,-0.164488552091317
235,700000000,235.7,37.076080565272406,-33.666579428029145,34.84804301993514,-0.018442760029466276,0.010229307201283903,0.9861596895860386,-0.1644514898450165
235,800000000,235.8,37.1021834888372,-33.68003525518164,34.76059623764281,-0.017760415631837678,0.009986532540646473,0.9861858889399121,-0.16438439481956446
235,900000000,235.9,37.12644472922026,-33.708667200185154,34.66790236825367,-0.01784649258423893,0.010062948112304789,0.986184854147944,-0.16437662007392756
236,0,236.0,37.05152330517138,-33.70532836817076,34.727968837337144,-0.017600933541323638,0.010347155613231481,0.9861868667831731,-0.16437337769108945
236,100000000,236.1,37.1217468992266,-33.67103584058543,34.78715202957284,-0.017185589844570977,0.009914083508513518,0.9862107283028162,-0.16430083940841392
236,200000000,236.2,37.136776149519896,-33.74734726661802,34.67775888774007,-0.016149764744414184,0.009268761682548346,0.9862384431875861,-0.1642772301157367
236,300000000,236.3,37.06440811150626,-33.740599648961485,34.740573099558894,-0.015014757240472586,0.00924857653804295,0.9862683660475752,-0.16420636720564818
236,400000000,236.4,37.11842467517418,-33.697937235786036,34.73357508562221,-0.014078291680606935,0.009504426604136773,0.9862841002712096,-0.16418020931431723
236,500000000,236.5,37.05201986777759,-33.758524267322784,34.69443817603204,-0.013069948646342313,0.009835610575287167,0.9863101650282876,-0.1640874631678644
236,600000000,236.6,36.99962633541747,-33.83666750344617,34.66050594488558,-0.012246766440673311,0.010165007748784274,0.9863038159139507,-0.16416903496943133
236,700000000,236.7,36.90088235832261,-33.81456487843525,34.67336458388108,-0.011569648581388243,0.010441800182552438,0.986315950208708,-0.1641278721136192
236,800000000,236.8,36.85646967857586,-33.89477509110244,34.683540538781095,-0.01107680850663806,0.010658312964468683,0.9863287860606805,-0.1640708093053829
236,900000000,236.9,36.79287678447485,-33.88456192585204,34.760051837068225,-0.0106618986103558,0.010808920192467677,0.9863398222982244,-0.16402209031408718
237,0,237.0,36.718466359924335,-33.90467362930635,34.8237838558979,-0.010176020479579951,0.01090571958998078,0.9863467146088236,-0.16400509890794204
237,100000000,237.1,36.74834881747464,-33.949130695637606,34.74633938837132,-0.009265557428146134,0.010922686499042262,0.9863605171123065,-0.16397492078709117
237,200000000,237.2,36.745074433432976,-34.03451722716357,34.694355692313145,-0.008664230171852074,0.011232765199712077,0.9863590410605394,-0.16399572622367484
237,300000000,237.3,36.739587874403064,-34.096592302070555,34.62104486679235,-0.007127123662215094,0.012118947244968132,0.9863675772255723,-0.16395529215042745
237,400000000,237.4,36.81665815012619,-34.09701239117261,34.560341390259126,-0.006145353685116921,0.012534864305927335,0.986379682857618,-0.16389091814564327
237,500000000,237.5,36.90576643251074,-34.14583523246657,34.56873283127165,-0.005655052163112252,0.012473419841445295,0.9863843970286649,-0.1638848848457019
237,600000000,237.6,36.882869046543405,-34.18912637100276,34.48835168672387,-0.00551936932492248,0.012347436973893948,0.9863948329943066,-0.16383623166004782
237,700000000,237.7,36.90782775783038,-34.26882003874191,34.437049013369446,-0.005837683302956039,0.01268356864537884,0.9863996445546295,-0.16377053997155036
237,800000000,237.8,36.837784015016034,-34.25908542928421,34.50490981859159,-0.006373841813247517,0.012796588756212939,0.986393363357651,-0.1637795902447101
237,900000000,237.9,36.789039653072756,-34.31398871198749,34.439964920224064,-0.006907669175363718,0.01264475895624581,0.9863943184909861,-0.1637639845210337
238,0,238.0,36.86545366363044,-34.31581479442043,34.380026854230046,-0.007321211102595761,0.012391728587444199,0.9863953319036401,-0.16375925662176793
238,100000000,238.1,36.815861373769124,-34.28825799553611,34.45642938112425,-0.0076279822119016925,0.012134535004519302,0.9863992622019248,-0.16374083936238257
238,200000000,238.2,36.88378133807004,-34.304735615491765,34.39115289708676,-0.007851227032168699,0.01191097616090769,0.9864013975823697,-0.1637338380681635
238,300000000,238.3,36.880675226255946,-34.38743841126894,34.34809380981169,-0.008005480407138891,0.011785109760002568,0.9864075755715516,-0.16369825388943404
238,400000000,238.4,36.871506353870174,-34.38116656806982,34.36472497820297,-0.008005480407138891,0.011785109760002568,0.9864075755715516,-0.16369825388943404
238,500000000,238.5,37.14349893006073,-34.42729629348316,34.10652442851696,-0.008154520740506556,0.011499915582099373,0.9864282653385988,-0.1635864697161108
238,600000000,238.6,37.20941205376274,-34.494033877373575,34.104080767078415,-0.007655470802017263,0.011416926419463218,0.9864367919581339,-0.16356498106036496
238,700000000,238.7,37.174255962675026,-34.55065478956175,34.0343265358698,-0.0073573384823313525,0.01142987831839782,0.9864212435774439,-0.16367149315385446
238,800000000,238.8,37.20654635429298,-34.5072065955126,34.11480557206405,-0.007368211865452856,0.011485654286568628,0.9864208343561398,-0.16366956573429384
238,900000000,238.9,37.19001841195383,-34.50368270671669,34.1255018017637,-0.007368211865452856,0.011485654286568628,0.9864208343561398,-0.16366956573429384
239,0,239.0,36.86323824168641,-34.602531401727624,33.92842460012718,-0.007942058240981832,0.011662890275339417,0.9864404461622911,-0.16351191661913345
239,100000000,239.1,36.94591094619568,-34.576587252856086,33.87484755730513,-0.008189308358554182,0.011677307729575077,0.9864418798790388,-0.1634900404719062
239,200000000,239.2,36.88660511113292,-34.54673067735687,33.93891117260861,-0.008329327082478376,0.011503865838341553,0.9864571730589887,-0.1634029654002489
239,300000000,239.3,36.7518982200982,-34.55545604613735,33.87706511924175,-0.008494674194037292,0.011528328607069148,0.9864597087091626,-0.16337741962492547
239,400000000,239.4,36.708288951863445,-34.58788838051609,33.82386856764413,-0.008567165069268344,0.011512504132453482,0.9864626532626024,-0.16335697000551583
239,500000000,239.5,36.68237260635259,-34.645044240115645,33.76661966912635,-0.008648467854817956,0.011504748282299087,0.986465324728313,-0.1633370989071045
239,600000000,239.6,36.7443486511189,-34.66866412607077,33.70226551338162,-0.008731283931324158,0.011491877518513405,0.9864679150185314,-0.16331795391506024
239,700000000,239.7,36.72921572306594,-34.64983447623891,33.79543897590317,-0.008799998279123507,0.011466569111801828,0.98646951783963,-0.16330636300015944
239,800000000,239.8,36.75912673011135,-34.659594752227974,33.70241843094378,-0.008817794149406323,0.011455178660506011,0.986469281180137,-0.1633076320204857
239,900000000,239.9,36.74706032957781,-34.66756236139602,33.68860108017348,-0.008817794149406323,0.011455178660506011,0.986469281180137,-0.1633076320204857
240,0,240.0,36.68851755028056,-34.960049812680865,33.42129329854664,-0.009021336974661336,0.011833250397415966,0.9864482141564627,-0.16339678837647667
240,100000000,240.1,36.62248579127756,-34.93286440808357,33.488607529048764,-0.009067099293440269,0.011843432759252636,0.9864484000176527,-0.1633923955191711
240,200000000,240.2,36.6007545184202,-34.855633878532934,33.54844740281057,-0.009058820545948322,0.011841896765691752,0.9864470054877296,-0.16340138498678103
240,300000000,240.3,36.58941765209711,-34.86525886208162,33.5350744766663,-0.009058820545948322,0.011841896765691752,0.9864470054877296,-0.16340138498678103
240,400000000,240.4,36.622816151571975,-34.487467691228204,33.64988892834931,-0.009034799372292538,0.011926088870293653,0.986347914936935,-0.1639936934888691
240,500000000,240.5,36.678126028650134,-34.537540264250666,33.58929108027246,-0.00905659772716175,0.011932851263658924,0.9863469532072934,-0.16399778351251393
240,600000000,240.6,36.66384202433864,-34.48552602150303,33.657098198512855,-0.009080958412810914,0.011921364617390962,0.9863479059493273,-0.16399154151766823
240,700000000,240.7,36.588049411203656,-34.478406124045335,33.72195842240166,-0.009555274646732798,0.012017802706888778,0.9863419116973506,-0.1639936046732914
240,800000000,240.8,36.63700317286546,-34.393481976236984,33.72447778830253,-0.01010402613540602,0.012087513514877312,0.986338861860238,-0.16397393163894458
240,900000000,240.9,36.594422370974115,-34.32938672414581,33.782020603965066,-0.010235151496830618,0.012078253323277959,0.9863403692547049,-0.16395741352250034
241,0,241.0,36.57214422336251,-34.248113803826904,33.83587398940494,-0.010071312486183197,0.012038729559834966,0.9863428682413774,-0.16395543273939908
241,100000000,241.1,36.51855368635826,-34.29443733372847,33.76810817721321,-0.009877452535538712,0.012044018316809998,0.9863508283021312,-0.16391894662269035
241,200000000,241.2,36.48581245537318,-34.36046894170148,33.70349050286245,-0.009701263901169916,0.01200883598082579,0.9863534281579472,-0.16391640582373324
241,300000000,241.3,36.469754736563985,-34.281647934978345,33.75950955894803,-0.009531599286215138,0.012000462115666327,0.9863561051646266,-0.1639108639734586
241,400000000,241.4,36.46582653837699,-34.26142461939715,33.85534819928911,-0.009397332981228359,0.011998103502195814,0.9863551093759748,-0.16392478108296965
241,500000000,241.5,36.46224975045059,-34.259629799856405,33.87494373987736,-0.009397332981228359,0.011998103502195814,0.9863551093759748,-0.16392478108296965
241,600000000,241.6,36.372056160142435,-34.438977862928674,34.15303324512393,-0.009397945135959465,0.01247895610534365,0.986246970905185,-0.16453834404809664
241,700000000,241.7,36.4735636607286,-34.44259561473791,34.07613675069973,-0.00939068920069724,0.012101430152821991,0.9862589193083259,-0.16449533254583665
241,800000000,241.8,36.52422875148447,-34.36465381917609,34.06117136309492,-0.009466533247484516,0.011694138410383935,0.9862603535595641,-0.16451184416836612
241,900000000,241.9,36.51433498323513,-34.280132352365335,34.11368947040077,-0.009477016996626425,0.0116919559015731,0.986263503362694,-0.1644925112301058
242,0,242.0,36.48092851672505,-34.255852864642755,34.2047654724157,-0.00939683971182334,0.011722084987815838,0.9862677187438984,-0.164469690492429
242,100000000,242.1,36.4781189563265,-34.17770575196858,34.263892788941014,-0.009323415639427747,0.011921284324339587,0.9862691599375787,-0.1644509077411726
242,200000000,242.2,36.451063804152874,-34.22233153086888,34.18321239094364,-0.009280599366373399,0.012047057178358096,0.9862618129925373,-0.1644882218318859
242,300000000,242.3,36.39545296907373,-34.27005395785149,34.11514917051332,-0.00926577929589302,0.012162276703903586,0.9862601115901681,-0.16449077981931606
242,400000000,242.4,36.446661821360046,-34.18649053474566,34.112879217549505,-0.009239603796933516,0.012685177284493098,0.9862596205220102,-0.16445569897913892
242,500000000,242.5,36.46744128309962,-34.13694773025052,34.19719980991094,-0.00915753544872231,0.013130540318116045,0.9862506239573451,-0.16447928501549156
242,600000000,242.6,36.426155073236096,-34.12300770480021,34.28499336504353,-0.009126915547328729,0.013248186150902718,0.9862494697238956,-0.16447847411025524
242,700000000,242.7,36.40843955279952,-34.11800531586827,34.27717438552988,-0.009126915547328729,0.013248186150902718,0.9862494697238956,-0.16447847411025524
242,800000000,242.8,36.22414060572393,-34.34340995640396,34.00866899018765,-0.00906371159907647,0.013089863622407464,0.9862714967207425,-0.16436252419156228
242,900000000,242.9,36.16756824536953,-34.30368547651301,34.07540878543908,-0.009057131227096346,0.012976161641448285,0.9862728751581398,-0.16436363141001345
243,0,243.0,36.212609070615514,-34.21700436096918,34.083659610356364,-0.009038488353682794,0.01289244737888254,0.9862739954263567,-0.16436452316298047
243,100000000,243.1,36.19555091452849,-34.21951664876379,34.07352512857643,-0.009038488353682794,0.01289244737888254,0.9862739954263567,-0.16436452316298047
243,200000000,243.2,36.37664846757991,-33.99938933579328,34.343053687275514,-0.009031755945381552,0.012377113298769785,0.9863766127629419,-0.16378770480484167
243,300000000,243.3,36.47175088355413,-33.98386399098999,34.36121042272999,-0.009051398350129379,0.012349748765859361,0.9863751928542088,-0.16379723689717615
243,400000000,243.4,36.39477999456649,-34.00863919655395,34.420085765720536,-0.008938369029185735,0.012312320352268728,0.9863822294699368,-0.16376388402989958
243,500000000,243.5,36.39961117114918,-33.92207624034813,34.46153381299283,-0.00831412995704686,0.012215332185091334,0.9863903062532013,-0.16375538046849358
243,600000000,243.6,36.400672856775195,-33.92648802298509,34.44205538909366,-0.00831412995704686,0.012215332185091334,0.9863903062532013,-0.16375538046849358
243,700000000,243.7,36.034070896240436,-33.84924305232513,34.557789593257176,-0.008339556498913778,0.012161797217255079,0.9864192430057138,-0.16358367740664814
243,800000000,243.8,35.96038383283585,-33.78865436778795,34.580319198081256,-0.008566063896494178,0.011833543098851387,0.9864216862435474,-0.16358131530063344
243,900000000,243.9,35.912066788393425,-33.75496271464785,34.653768867627605,-0.008824043728005852,0.011441541624072698,0.9864218093992629,-0.1635947472232379
244,0,244.0,35.98879513456524,-33.742655098574936,34.58464552584648,-0.008983333695784263,0.01133269901891762,0.9864185851684597,-0.16361309386143622
244,100000000,244.1,36.00185396229164,-33.657534831920636,34.61769800257275,-0.009092504291111128,0.01143577093355582,0.9864154059346297,-0.163619058925576
244,200000000,244.2,36.05823026404613,-33.609465960055516,34.684892141594986,-0.009162260988319995,0.011593599302093785,0.9864144968257822,-0.16360954092210928
244,300000000,244.3,36.07281732118588,-33.61089285297684,34.67128399180919,-0.009162260988319995,0.011593599302093785,0.9864144968257822,-0.16360954092210928
244,400000000,244.4,36.272851667646684,-33.534175676280086,35.04241451636142,-0.009173799101711328,0.011629962809204836,0.9863440878440689,-0.1640302586419644
244,500000000,244.5,36.22500736846475,-33.58894132087942,35.01522079598844,-0.009141591695287351,0.012167666805861422,0.9863437587416604,-0.16399502668420082
244,600000000,244.6,36.207825360149656,-33.50843949551783,35.0754601103423,-0.009042107465700932,0.012562556575971343,0.9863408082395028,-0.16398851321448907
244,700000000,244.7,36.20200539904506,-33.53026602555463,34.980070786660114,-0.009022233478422027,0.012703620883131338,0.9863406469985345,-0.16397971032426767
244,800000000,244.8,36.16446112158935,-33.51453274333187,35.01946888731346,-0.009055642570091355,0.01277416304512465,0.9863246907978737,-0.16406834069563334
244,900000000,244.9,36.270149838797,-33.53139698873843,34.91676284300842,-0.009096954223268955,0.012598380369286946,0.9863288633409262,-0.16405456280313352
245,0,245.0,36.232010991119644,-33.59309209560818,34.850785596329075,-0.009148711939101698,0.012522487559493393,0.9863287432639294,-0.16405821706508786
245,100000000,245.1,36.255186386121316,-33.52297178399619,34.915259434717505,-0.009238333985689757,0.012612097798094695,0.9863390686731817,-0.16398423638636958
245,200000000,245.2,36.22233869692863,-33.4251049277989,34.993682954077315,-0.00927838514491665,0.012462688287470058,0.9863335999657475,-0.16402628615060635
245,300000000,245.3,36.20866226797067,-33.41348654085665,35.04274223753677,-0.009291455475487412,0.012391558855014003,0.9863426811485996,-0.16397631984186614
245,400000000,245.4,36.262784828307,-33.43195306767826,34.911116275273045,-0.009319891443652521,0.012333039303653408,0.9863397848587607,-0.1639965382859857
245,500000000,245.5,36.18757522559051,-33.41328376633258,34.86840581571692,-0.009344168693564638,0.012311263100640629,0.9863368862134119,-0.16401422562425516
245,600000000,245.6,36.27348450506411,-33.38384904652452,34.837112359378494,-0.009385999588898134,0.01230085007831185,0.9863317032537203,-0.16404378456888655
245,700000000,245.7,36.352055683604775,-33.36035540230542,34.77988942702253,-0.009425447177313553,0.012043903563265746,0.9863421613269163,-0.16399770157357063
245,800000000,245.8,36.31528165637317,-33.352875444307465,34.86626078820789,-0.009486327938160797,0.011579119790829522,0.9863406073635124,-0.16403700751018635
245,900000000,245.9,36.31316578965884,-33.33618650460797,34.877077552962376,-0.009486327938160797,0.011579119790829522,0.9863406073635124,-0.16403700751018635
246,0,246.0,36.53652133290474,-33.094770959353234,35.2549721484568,-0.009417198048981959,0.011728287046281125,0.986282498253777,-0.16437943089740514
246,100000000,246.1,36.53803255719715,-33.10227170574881,35.24847354972054,-0.009399882679358975,0.011694292981614179,0.9862930101568906,-0.1643197609325615
246,200000000,246.2,36.35982070886687,-33.119849131840915,35.15837001891516,-0.009405887754205162,0.011927277922368909,0.9862882871660207,-0.16433101933607994
246,300000000,246.3,36.34931855591014,-33.03980867446983,35.214001493334095,-0.00936863075404318,0.012077827003796806,0.986282958085944,-0.16435413424036793
246,400000000,246.4,36.41892341015967,-33.05740041081691,35.14724790865097,-0.00972044490724515,0.01276173050896609,0.9862792390900718,-0.1643043326426026
246,500000000,246.5,36.489365334255766,-33.06201812507791,35.082076082804676,-0.01011387849026422,0.013171399495167315,0.986264370682909,-0.16433750277605133
246,600000000,246.6,36.52776635069077,-33.068858667772915,34.992136985574916,-0.010195150729567396,0.013265581755486835,0.9862563295753984,-0.16437315965434549
246,700000000,246.7,36.4141583628047,-33.115162093687985,35.01698975135711,-0.01006170332986179,0.013158931824539984,0.9862637832094863,-0.1643452298323578
246,800000000,246.8,36.47197915675387,-33.09709904892128,34.974106820514514,-0.009943489786741987,0.013026629861454735,0.9862691605076589,-0.1643306938974925
246,900000000,246.9,36.50145090583744,-33.12836144786988,34.8859681230137,-0.009816095953770006,0.012885457599780223,0.9862735072456303,-0.16432339501140497
247,0,247.0,36.52268103038607,-33.112516277839006,34.9803682865893,-0.009714600957854815,0.012785846634566583,0.9862748780090081,-0.16432897998339513
247,100000000,247.1,36.55224237048995,-33.120180738636265,35.04426642810693,-0.009610521387170117,0.012674869754092655,0.9862874144946944,-0.16426844360605197
247,200000000,247.2,36.54008038353875,-33.121554616293075,35.15164274573019,-0.00946597519726823,0.012497512556766219,0.9862573763753604,-0.16447065099478692
247,300000000,247.3,36.640237815881726,-33.058287227279266,35.14565659170185,-0.009391773003257638,0.012468936719536326,0.9862582802242831,-0.16447165380690745
247,400000000,247.4,36.612578137226095,-32.98149666896434,35.19996477598084,-0.009334658892656753,0.012431747546866342,0.9862573731027054,-0.16448315961471432
247,500000000,247.5,36.627769167465836,-32.98245878302614,35.18699145964355,-0.009334658892656753,0.012431747546866342,0.9862573731027054,-0.16448315961471432
247,600000000,247.6,36.8572421030751,-32.988890134503514,34.993311106554565,-0.009426333997776662,0.011122569044926617,0.9862342420791275,-0.16471020744268502
247,700000000,247.7,36.83658761695613,-32.85191060699383,35.058691802752,-0.009538657139536413,0.010616372408118474,0.9862208860642521,-0.16481708208650056
247,800000000,247.8,36.913077811498034,-32.887524593566226,35.108594087601524,-0.009524400211825481,0.010507950126858932,0.9862148563074117,-0.16486092922001805
247,900000000,247.9,36.88077524231071,-32.96186040761507,35.05345063819053,-0.009483520545055931,0.010598916795512552,0.9862148577672051,-0.16485745394141213
248,0,248.0,36.95713133117007,-32.95666083475188,34.99218556493487,-0.009436805421945495,0.010748655502279348,0.986213601539746,-0.16485795475598017
248,100000000,248.1,36.97017923129702,-32.98087778981358,34.89809195650084,-0.009392744755932676,0.010882087230639416,0.9862110238374641,-0.1648671373710222
248,200000000,248.2,36.903752100533865,-32.95237636177896,34.967236878375054,-0.009366928807572924,0.010967675709648779,0.9862094192342297,-0.1648725330305977
248,300000000,248.3,36.86434286946863,-32.99040631252797,34.933496298501524,-0.009307524596011,0.010986557537333347,0.9856068946804838,-0.16843905336253578
248,400000000,248.4,36.756222595095544,-33.01304338150788,35.013673797662086,-0.009266573848976117,0.010893826199042706,0.9856081950046365,-0.16843972541995272
248,500000000,248.5,36.82259127908515,-33.0589056361191,34.954569485344436,-0.009243326792534916,0.010789395042929395,0.9856094015338933,-0.16844066454515924
248,600000000,248.6,36.79660675757109,-32.99081210988811,35.017188427215814,-0.009219870907597174,0.010679600092541083,0.9856050697451959,-0.16847429066441633
248,700000000,248.7,36.83126903622556,-32.92255307278027,35.081542265241445,-0.009195915687839942,0.010565403818904934,0.9856063474882525,-0.16847532510035945
248,800000000,248.8,36.83193866007518,-32.84249407402057,35.12342157435531,-0.009175435763670884,0.010455788878367416,0.9856075342791736,-0.16847633729876044
248,900000000,248.9,36.90983632748392,-32.79737773649408,35.084625423978835,-0.009178431429459505,0.010381831561450455,0.985608147146071,-0.16847716239660848
249,0,249.0,36.919745282620624,-32.74607724507461,35.16989620515957,-0.009179664494623482,0.010355239878540323,0.985608364505455,-0.16847746016517004
249,100000000,249.1,36.94808346802495,-32.65224064326719,35.16810769922456,-0.009180141391552696,0.010345983032979065,0.9856084394898362,-0.16847756422005408
249,200000000,249.2,36.909633103493036,-32.63498149912505,35.25446025970959,-0.009180326167889715,0.010342660421717931,0.9856084662388795,-0.1684776016718416
249,300000000,249.3,36.98312023468122,-32.57288871595998,35.28177915141686,-0.009180395791413653,0.010341448107122937,0.9856084759707784,-0.1684776153639422
249,400000000,249.4,36.91713735320319,-32.60763226748918,35.218130970178066,-0.009180418450903055,0.010341027849818897,0.9856084793604378,-0.16847762009501777
249,500000000,249.5,36.923849275339336,-32.690323606712056,35.16965107236722,-0.009180425164046246,0.010340876561381648,0.9856084805966582,-0.1684776217831221
249,600000000,249.6,36.96122521729564,-32.62942613470774,35.23678153420604,-0.009180422551493072,0.010340824682062127,0.985608481073453,-0.16847762232044872
249,700000000,249.7,36.90919626542792,-32.58025234118927,35.30376578227652,-0.009180421423626801,0.010340805847133391,0.9856084812484893,-0.16847762251397871
249,800000000,249.8,36.98818450374039,-32.53709990566864,35.26016562526003,-0.009180421012580948,0.010340799005932854,0.9856084813117868,-0.16847762258598054
249,900000000,249.9,37.05529913875687,-32.561113250167956,35.192853299757246,-0.009180420905423056,0.010340796490534777,0.9856084820754354,-0.1684776182787993
250,0,250.0,36.99480179789912,-32.49158968099403,35.22005182030929,-0.009180420850287058,0.010340795585504494,0.9856084820835611,-0.1684776182898171
250,100000000,250.1,36.989999788505195,-32.510785144672326,35.21714065560148,-0.009180420850287058,0.010340795585504494,0.9856084820835611,-0.1684776182898171
250,200000000,250.2,37.28809915894164,-32.25637736404031,35.20282722765242,-0.00918042083386428,0.010340795337225121,0.9856084820858804,-0.1684776182923823
250,300000000,250.3,37.27487295617541,-32.260933262573836,35.29986472332548,-0.009180420828797805,0.010340795293430929,0.9856084820871929,-0.16847761828766838
250,400000000,250.4,37.255670883589055,-32.25534447470324,35.2996505772865,-0.009180420828797805,0.010340795293430929,0.9856084820871929,-0.16847761828766838
250,500000000,250.5,36.864295765272104,-32.27850325315734,35.24326272759017,-0.00918042082563607,0.010340795278838494,0.9856084820873531,-0.1684776182877986
250,600000000,250.6,36.76514628184265,-32.27592742516229,35.21945003679204,-0.009180420825184644,0.01034079527675535,0.9856084820873758,-0.16847761828781807
250,700000000,250.7,36.73922452584558,-32.19119321143867,35.261404057040394,-0.009180420825024526,0.010340795276016586,0.9856084820873838,-0.1684776182878251
250,800000000,250.8,36.71802425733749,-32.144648218475446,35.34504660882813,-0.009180420824965958,0.010340795275746235,0.9856084820873867,-0.1684776182878286
250,900000000,250.9,36.7801753004117,-32.14090636893703,35.42583983629166,-0.00918042082494426,0.010340795275646145,0.9856084820873878,-0.16847761828782903
251,0,251.0,36.682543221800856,-32.14581124132477,35.418364297695454,-0.00918042082493656,0.010340795275610623,0.9856084820873883,-0.16847761828782915
251,100000000,251.1,36.63983168211992,-32.12812034327924,35.50039189219866,-0.009180420824933772,0.010340795275597763,0.9856084820873884,-0.16847761828782917
251,200000000,251.2,36.669920741443775,-32.0552739215032,35.55870151033957,-0.009180420824932705,0.010340795275592856,0.9856084820873885,-0.1684776182878292
251,300000000,251.3,36.71592526830794,-32.00314301265828,35.63333562484606,-0.00918042082493233,0.010340795275591027,0.9856084820873885,-0.1684776182878292
251,400000000,251.4,36.665052967135026,-31.93339384775433,35.679800958083646,-0.009180420824932199,0.010340795275590365,0.9856084820873885,-0.1684776182878292
251,500000000,251.5,36.61234973661616,-31.849449584313223,35.69314182177368,-0.009180420824932199,0.010340795275590115,0.9856084820873885,-0.1684776182878292
251,600000000,251.6,36.590183950870575,-31.787935179382014,35.76355396852677,-0.009180420824932199,0.01034079527558998,0.9856084820873885,-0.1684776182878292
251,700000000,251.7,36.55129112998183,-31.848799120926824,35.700180917589684,-0.009180420824932199,0.01034079527558998,0.9856084820873885,-0.1684776182878292
251,800000000,251.8,36.46999952770292,-31.7887373426593,35.7536713784342,-0.009180420824932199,0.01034079527558998,0.9856084820873885,-0.1684776182878292
251,900000000,251.9,36.4439737305983,-31.698253764874593,35.7525990949297,-0.009180420824932199,0.01034079527558998,0.9856084820873885,-0.1684776182878292
252,0,252.0,36.37799743037375,-31.663849692158916,35.78034611849649,-0.009180420824932199,0.01034079527558998,0.9856084820873885,-0.1684776182878292
252,100000000,252.1,36.29357522398627,-31.695149281501706,35.819142909600366,-0.009180420824932199,0.01034079527558998,0.9856084820873885,-0.1684776182878292
252,200000000,252.2,36.235705319133544,-31.75021131732221,35.758964052520575,-0.009180420824932199,0.01034079527558998,0.9856084820873885,-0.1684776182878292
252,300000000,252.3,36.30763500223658,-31.785051739923155,35.70562101057682,-0.009180420824932199,0.01034079527558998,0.9856084820873885,-0.1684776182878292
252,400000000,252.4,36.230458763961906,-31.83837386338395,35.67711585981932,-0.009180420824932199,0.01034079527558998,0.9856084820873885,-0.1684776182878292
252,500000000,252.5,36.15078490867231,-31.78455640093408,35.70464776920715,-0.009180420824932199,0.01034079527558998,0.9856084820873885,-0.1684776182878292
252,600000000,252.6,36.070895820979366,-31.840047015963343,35.69238035156607,-0.009180420824932199,0.01034079527558998,0.9856084820873885,-0.1684776182878292
252,700000000,252.7,35.98668864826899,-31.85705774379924,35.64933384549709,-0.009180420824932199,0.01034079527558998,0.9856084820873885,-0.1684776182878292
252,800000000,252.8,35.93957826363693,-31.790595644092896,35.591319627599795,-0.009180420824932199,0.01034079527558998,0.9856084820873885,-0.1684776182878292
252,900000000,252.9,35.901345790015824,-31.83500032426257,35.67236745826559,-0.009180420824932199,0.01034079527558998,0.9856084820873885,-0.1684776182878292
253,0,253.0,35.8353220495071,-31.77652454347147,35.70534045487892,-0.009180420824932199,0.01034079527558998,0.9856084820873885,-0.1684776182878292
253,100000000,253.1,35.7370799462011,-31.793741109086415,35.69796973427357,-0.009180420824932199,0.01034079527558998,0.9856084820873885,-0.1684776182878292
253,200000000,253.2,35.66535344083382,-31.76738827994721,35.7562282212629,-0.009180420824932199,0.01034079527558998,0.9856084820873885,-0.1684776182878292
253,300000000,253.3,35.61838652185649,-31.702430549788588,35.69642144631049,-0.009180420824932199,0.01034079527558998,0.9856084820873885,-0.1684776182878292
253,400000000,253.4,35.59384002837185,-31.611870658373483,35.6679901264537,-0.009180420824932199,0.01034079527558998,0.9856084820873885,-0.1684776182878292
253,500000000,253.5,35.520449881342934,-31.576322834068876,35.722416248220625,-0.009180420824932199,0.01034079527558998,0.9856084820873885,-0.1684776182878292
253,600000000,253.6,35.53513790557151,-31.64051177237175,35.79239664994818,-0.009180420824932199,0.01034079527558998,0.9856084820873885,-0.1684776182878292
253,700000000,253.7,35.45192909100861,-31.596890524564408,35.76437087354371,-0.009180420824932199,0.01034079527558998,0.9856084820873885,-0.1684776182878292
253,800000000,253.8,35.36278606245762,-31.554576478501,35.748083133298564,-0.009180420824932199,0.01034079527558998,0.9856084820873885,-0.1684776182878292
253,900000000,253.9,35.291871940444466,-31.55049387159346,35.821287086860536,-0.009180420824932199,0.01034079527558998,0.9856084820873885,-0.1684776182878292
254,0,254.0,35.239495325208416,-31.570238109723874,35.90177820103701,-0.009180420824932199,0.01034079527558998,0.9856084820873885,-0.1684776182878292
254,100000000,254.1,35.25268056598581,-31.596828693338658,35.98911944619889,-0.009180420824932199,0.01034079527558998,0.9856084820873885,-0.1684776182878292
254,200000000,254.2,35.19115066493764,-31.52910013187624,35.9440504719883,-0.009180420824932199,0.01034079527558998,0.9856084820873885,-0.1684776182878292
